pH,Nitrogen,Phosphorus,Potassium,Moisture,OrganicCarbon,FertilityClass
5.87,39.3,85.8,97.2,72.0,3.74,High
8.75,37.0,120.8,25.9,68.7,3.33,Medium
7.66,135.9,114.0,130.9,9.6,1.76,Medium
6.99,37.4,23.1,92.0,92.3,6.07,Medium
4.78,40.8,22.4,23.6,56.8,4.77,Low
4.78,113.9,40.2,144.4,36.4,8.66,High
4.29,67.5,54.2,77.8,75.7,0.32,Medium
8.33,116.5,61.3,10.9,25.7,6.44,Medium
7.01,9.8,102.0,94.0,69.4,7.63,High
7.54,73.1,8.5,38.0,4.0,7.59,Low
4.1,5.0,5.2,120.6,83.9,8.86,Medium
8.85,9.4,58.8,122.7,44.8,7.29,Medium
8.16,136.0,104.6,146.8,63.7,9.28,High
5.06,20.9,29.0,75.3,22.1,3.33,Low
4.91,79.9,96.2,68.2,67.7,5.03,Medium
4.92,61.7,39.0,113.0,77.2,0.14,Medium
5.52,52.1,132.9,19.9,47.3,0.07,Medium
6.62,135.0,134.4,82.0,61.8,2.4,High
6.16,3.3,44.6,81.9,45.6,1.01,Medium
5.46,99.6,34.5,13.4,89.4,2.6,Medium
7.06,144.5,61.7,62.7,49.8,1.77,High
4.7,84.0,36.1,128.0,84.2,0.29,Medium
5.46,140.5,100.9,128.4,80.1,9.09,High
5.83,7.8,123.9,14.9,41.1,0.08,Medium
6.28,62.8,101.0,13.6,23.0,7.36,Medium
7.93,39.0,123.7,39.4,40.6,1.52,Low
5.0,109.6,59.5,131.2,82.6,9.12,High
6.57,147.2,23.4,19.3,22.8,8.93,Medium
6.96,38.5,110.7,108.0,52.4,6.54,High
4.23,98.1,54.1,15.2,80.6,6.72,Medium
7.04,29.7,100.7,93.5,35.3,0.05,Medium
4.85,84.8,40.6,53.4,64.2,9.85,Medium
4.33,69.6,12.2,118.3,24.6,8.78,Medium
8.74,145.8,148.9,35.1,10.9,8.95,Medium
8.83,91.3,23.4,95.9,79.4,6.59,Medium
8.04,52.4,148.3,35.4,9.9,3.45,Medium
5.52,17.1,146.6,107.0,27.1,8.94,Medium
4.49,22.7,119.1,131.1,85.5,2.92,Medium
7.42,33.8,98.9,19.0,34.6,5.63,Medium
6.2,37.6,86.7,130.0,97.3,1.0,High
4.61,127.6,129.9,89.0,98.0,9.22,High
6.48,84.2,43.4,19.1,26.8,1.41,Medium
4.17,78.5,70.2,64.1,4.1,2.25,Medium
8.55,17.2,92.9,24.1,70.5,5.58,Medium
5.29,129.0,61.7,105.1,45.1,7.64,High
7.31,108.4,64.1,113.8,10.1,6.19,High
5.56,10.2,49.5,15.9,70.8,2.32,Medium
6.6,106.2,84.6,75.9,3.1,0.01,High
6.73,81.5,127.6,122.2,87.0,7.57,High
4.92,12.3,30.2,140.4,13.9,9.85,Medium
8.85,68.7,140.2,77.0,12.7,8.1,Medium
7.88,72.7,103.4,142.5,17.6,4.6,Medium
8.7,24.9,123.5,80.4,96.0,9.04,Medium
8.47,141.9,83.4,59.1,69.3,4.1,High
6.99,127.5,116.9,127.2,80.1,5.25,High
8.61,100.4,2.4,73.9,39.8,4.77,Medium
4.44,69.3,122.8,70.8,33.6,4.48,Medium
4.98,61.8,6.0,73.5,23.4,7.75,Low
4.23,97.6,133.5,127.0,48.1,5.27,High
5.63,81.8,148.8,124.8,55.2,3.17,High
5.94,9.3,44.1,60.5,63.2,2.58,Medium
5.36,76.9,31.5,50.0,25.7,0.38,Low
8.14,121.0,114.8,73.8,94.9,5.83,High
5.78,68.9,38.0,85.9,17.0,2.3,Medium
5.4,7.8,129.8,35.8,96.6,1.48,Low
6.71,117.9,15.4,119.1,1.5,6.54,High
4.7,30.2,18.9,73.0,48.1,6.81,Low
8.01,38.8,146.9,50.1,33.3,7.52,Medium
4.37,24.7,101.1,16.0,44.9,5.04,Medium
8.93,49.5,127.0,35.8,57.1,8.94,Medium
7.86,113.5,48.6,142.4,43.6,9.36,High
4.99,77.9,101.5,45.8,41.5,8.07,Medium
4.03,30.7,89.1,25.3,73.3,6.36,Medium
8.08,131.7,90.5,69.1,68.6,3.04,High
7.53,131.9,102.4,46.1,83.3,9.83,High
7.65,130.6,86.3,5.3,25.0,2.74,Medium
7.86,35.8,64.4,48.5,61.0,2.03,Medium
4.37,67.7,41.4,81.6,58.5,4.42,Medium
5.79,147.7,115.3,82.8,37.0,0.57,High
4.58,115.8,33.9,53.5,48.6,9.78,Medium
8.32,4.1,103.9,67.1,31.4,5.88,Medium
7.12,9.8,35.0,144.8,14.2,5.57,Medium
5.65,69.6,93.8,56.6,21.4,6.56,Medium
4.32,136.4,112.1,38.7,10.6,4.97,Medium
5.55,80.8,32.8,36.5,68.3,0.32,Medium
5.63,74.7,9.0,68.7,66.1,6.12,Medium
7.65,15.8,19.6,113.9,95.1,7.16,Medium
7.19,98.5,90.9,30.9,73.0,4.17,High
8.44,123.3,127.4,106.4,5.2,7.57,High
6.36,57.1,6.7,3.2,88.4,2.27,Medium
4.6,116.3,110.1,62.8,86.3,2.21,High
7.57,144.7,51.2,116.4,44.3,1.61,Medium
7.8,30.6,71.8,50.8,58.6,3.72,Medium
6.81,78.5,139.3,84.6,97.6,8.47,High
7.85,43.1,49.8,30.7,53.2,8.28,Medium
6.47,118.9,69.8,111.3,90.5,3.83,High
6.61,86.6,2.1,7.8,8.3,5.89,Medium
6.14,95.2,12.2,127.9,19.1,7.21,High
4.13,119.7,38.8,29.7,44.1,2.41,Medium
4.54,59.4,4.2,131.2,58.5,1.68,Medium
4.16,137.3,94.7,52.9,81.6,9.72,High
7.18,80.0,64.0,108.4,98.8,6.18,High
5.57,23.7,82.2,47.9,38.9,9.81,Medium
6.54,104.4,26.2,135.9,4.7,3.38,High
8.54,119.0,44.4,19.0,80.1,7.03,Medium
5.25,47.5,99.6,26.8,60.4,2.23,Medium
6.05,128.6,144.8,74.0,19.9,2.61,High
7.78,135.9,7.6,12.3,49.5,5.12,Medium
5.14,41.5,133.6,29.4,74.2,3.2,Medium
4.38,147.5,86.5,141.6,77.0,1.68,High
5.45,21.1,84.6,146.5,50.0,2.63,Medium
4.81,30.3,75.0,56.4,30.5,0.36,Medium
8.65,27.6,10.4,138.5,97.4,7.04,Medium
8.04,134.1,13.5,81.7,66.3,4.92,Medium
7.17,98.1,90.1,40.5,40.8,0.94,High
8.36,22.8,51.1,105.4,28.0,1.72,Low
8.02,66.0,137.6,98.8,73.1,1.03,Medium
4.93,92.3,61.0,148.4,24.2,6.13,High
8.46,12.5,21.5,39.8,17.2,0.94,Low
6.7,132.4,107.2,100.8,53.0,7.54,High
8.04,120.5,44.0,7.8,29.0,0.21,Low
8.48,75.8,78.8,17.0,62.9,2.49,Medium
5.59,145.1,104.7,0.6,11.8,8.91,Medium
4.55,62.7,135.0,149.9,65.5,7.19,High
5.14,147.6,118.8,120.3,28.3,0.73,Medium
6.14,100.2,101.5,118.0,0.0,8.21,High
8.09,95.2,101.9,76.5,12.7,4.93,Medium
8.3,24.9,141.9,45.0,93.4,8.47,Medium
4.03,132.3,44.4,22.7,86.7,6.01,Medium
6.55,64.1,0.2,42.7,23.4,6.82,Medium
6.09,24.3,40.8,56.4,77.8,9.94,Medium
5.11,1.9,32.7,113.4,60.9,2.32,Medium
4.6,84.0,99.3,80.9,97.1,6.24,High
5.69,79.1,95.1,11.6,37.4,4.6,Medium
8.71,107.9,89.0,2.7,68.1,0.39,Medium
5.62,133.5,2.4,15.3,6.4,0.14,Low
6.59,11.9,109.3,61.6,39.6,1.19,Medium
7.52,109.7,48.5,140.0,96.4,6.49,High
5.82,28.1,99.8,95.6,53.9,5.67,High
8.86,128.7,83.5,120.3,28.8,5.53,High
8.81,122.9,51.4,70.0,12.0,0.32,Medium
5.26,81.1,20.2,54.2,70.4,4.69,Medium
6.49,106.5,14.2,16.3,64.5,9.25,Medium
5.5,47.2,124.7,131.4,37.4,3.98,High
5.42,70.7,137.8,117.5,95.1,6.25,High
4.18,123.2,97.5,25.2,2.2,7.8,Medium
7.05,68.9,15.5,76.8,30.4,7.84,Medium
6.51,53.7,60.3,73.1,92.1,5.19,High
4.26,74.1,109.3,93.8,32.1,8.58,High
5.39,124.2,117.0,141.9,25.2,3.91,High
8.54,50.3,17.7,87.0,53.4,8.89,Medium
5.2,26.1,0.0,81.0,82.4,2.4,Medium
4.72,106.8,106.8,7.5,10.3,2.8,Medium
6.45,123.9,53.5,9.4,94.3,0.53,Medium
8.93,15.1,38.2,28.1,79.5,7.96,Low
5.21,36.0,1.9,4.9,18.1,4.17,Low
7.36,21.3,81.0,111.5,71.2,2.29,High
7.81,52.2,127.7,108.5,38.5,2.32,High
5.19,67.6,143.6,20.4,40.2,9.01,Medium
7.64,112.3,84.9,125.4,78.3,8.34,High
5.84,97.7,77.2,23.2,96.3,5.54,High
7.16,93.1,12.8,45.2,12.7,6.16,Medium
7.17,52.9,82.3,37.3,42.1,4.74,Medium
6.68,126.2,57.0,55.8,48.1,3.92,High
4.45,70.7,91.1,38.2,37.6,9.15,Medium
8.18,146.9,58.3,73.3,36.3,1.26,Medium
5.6,95.1,36.0,61.1,5.2,4.18,Medium
4.93,18.9,14.2,148.0,68.6,3.45,Medium
4.2,101.4,47.2,8.4,43.6,4.98,Medium
6.95,48.8,14.5,21.3,19.5,4.58,Medium
7.39,102.9,26.5,7.9,81.6,5.19,Medium
4.08,10.4,148.1,93.9,80.3,1.4,Medium
6.56,26.2,66.6,8.2,48.6,5.13,Medium
5.13,128.4,79.8,125.5,29.8,2.42,High
7.23,34.1,131.0,76.8,63.8,1.84,Medium
4.87,125.6,149.3,79.1,28.8,0.65,Medium
7.45,41.9,87.4,84.2,23.6,7.63,High
5.93,96.4,121.9,25.6,73.1,4.27,High
8.68,104.1,49.0,29.7,4.0,6.27,Medium
4.69,76.9,45.9,47.8,9.5,7.28,Medium
5.71,45.8,60.4,89.0,0.7,6.79,High
4.57,31.9,100.9,31.5,15.3,4.71,Low
8.62,5.0,102.3,17.4,6.9,3.88,Low
8.39,45.6,47.3,145.5,99.6,3.76,Medium
5.29,98.0,20.0,3.3,28.9,6.4,Low
7.3,140.7,94.9,120.4,14.9,4.95,High
8.09,130.7,19.2,118.2,24.1,8.49,Medium
6.78,114.9,86.8,44.6,93.6,8.75,High
6.65,118.3,104.0,20.3,52.0,1.71,High
5.21,99.7,105.1,21.8,36.5,1.36,Medium
4.47,39.0,113.0,104.6,87.3,6.3,Medium
8.49,136.1,130.9,96.4,39.5,3.01,High
8.5,100.6,75.0,117.4,33.5,0.19,High
7.17,84.1,109.5,140.6,20.7,8.89,High
5.7,16.6,92.9,103.8,37.8,2.27,High
5.75,67.1,28.0,23.4,31.7,9.29,Medium
7.63,69.1,3.9,36.5,67.7,7.17,Low
8.49,129.7,42.7,126.3,29.0,7.63,Medium
8.44,82.0,66.5,31.4,57.7,2.01,Medium
7.9,57.1,92.6,10.9,6.6,2.34,Medium
7.21,146.5,127.5,105.5,19.1,5.21,High
4.42,16.6,29.4,60.4,40.7,1.72,Low
4.81,63.4,18.8,138.0,93.7,3.05,Medium
8.49,6.3,144.5,97.5,37.7,3.21,Medium
7.03,111.0,16.2,13.6,66.4,1.6,Medium
4.05,137.7,71.8,142.2,25.5,2.05,High
4.51,42.0,87.8,38.8,12.7,7.89,Medium
7.32,128.8,81.2,50.6,5.9,1.67,Medium
4.03,43.8,12.9,60.3,30.5,0.28,Low
4.8,136.6,8.6,7.7,15.8,6.29,Low
6.74,113.1,15.8,74.5,17.4,9.76,Medium
7.46,120.7,87.8,18.5,76.1,3.31,High
7.26,2.7,81.7,60.1,1.6,1.19,Medium
5.12,144.4,35.1,52.6,55.8,5.7,Medium
7.56,109.0,95.7,115.9,37.9,9.06,High
5.19,45.7,123.0,120.5,50.7,7.84,High
5.63,124.4,6.2,23.0,56.3,6.23,Medium
7.73,42.2,74.7,55.0,31.3,3.15,Medium
7.25,130.9,103.4,56.0,29.5,5.42,High
8.25,16.9,37.8,22.7,73.3,0.91,Low
7.29,105.6,46.2,119.8,87.1,6.79,High
6.84,81.1,92.0,106.1,19.3,7.25,High
4.47,14.5,134.7,28.6,9.8,9.65,Low
5.84,36.3,121.5,55.0,89.8,2.6,Medium
5.33,1.9,87.5,15.9,35.0,0.18,Low
5.22,70.3,109.5,94.2,55.1,5.46,High
8.87,45.2,54.7,18.2,36.0,7.07,Medium
5.97,89.8,96.1,147.9,12.6,7.9,High
8.46,44.6,69.9,117.1,58.9,1.94,Medium
7.16,45.0,28.5,58.5,52.5,2.62,Medium
7.97,111.5,105.3,86.8,20.3,5.13,High
6.51,7.2,83.5,136.7,45.2,3.31,High
6.88,135.4,53.8,83.1,79.7,8.61,High
6.46,127.8,136.7,26.2,59.0,4.74,High
4.98,100.2,3.1,56.8,9.7,8.0,Medium
7.61,89.0,47.4,126.5,54.8,5.81,High
5.4,133.8,8.5,96.6,70.3,7.73,Medium
4.12,27.8,115.0,97.6,79.3,3.33,Medium
7.23,11.8,105.3,130.0,62.9,8.31,High
4.89,35.9,49.7,134.1,15.3,2.75,Medium
8.7,119.2,101.3,138.0,71.0,5.46,High
8.77,5.2,59.4,14.2,67.7,2.14,Low
8.57,87.4,113.4,81.6,2.4,4.76,High
5.85,149.3,68.1,111.1,41.2,3.18,High
4.08,128.4,61.8,113.5,33.3,2.67,High
8.64,78.2,140.2,91.0,66.9,9.67,High
6.14,9.5,37.6,25.0,21.6,1.6,Low
8.83,124.7,18.1,119.6,59.1,7.87,Medium
8.82,89.8,87.7,108.0,91.3,9.84,High
8.27,17.2,145.4,12.9,79.8,0.2,Low
5.47,14.1,56.7,69.6,92.1,6.99,Medium
5.93,136.4,9.3,26.1,97.9,2.53,Medium
8.26,100.4,50.9,50.6,1.1,0.4,Medium
5.58,124.4,75.9,2.7,62.3,4.03,High
4.85,131.8,24.3,60.0,41.3,9.35,Medium
6.78,85.8,98.7,82.5,86.0,0.12,High
8.68,77.6,149.7,92.9,25.2,5.88,Medium
7.48,64.6,67.8,99.5,98.1,5.01,High
6.85,47.5,53.2,125.4,61.4,8.73,High
4.49,65.2,60.1,32.3,79.4,0.84,Medium
7.08,116.1,17.3,18.1,8.6,6.82,Medium
8.95,90.3,132.5,127.7,18.3,6.8,High
4.7,133.9,62.2,23.5,75.8,6.69,Medium
6.59,66.5,58.1,146.2,2.2,9.42,High
8.39,91.1,99.0,126.4,81.7,8.23,High
7.7,94.7,66.3,75.1,1.4,0.42,Medium
7.49,88.8,97.2,147.2,65.7,4.71,High
7.51,105.4,9.2,14.6,36.5,3.98,Medium
5.8,35.6,122.1,45.5,61.1,3.1,Medium
5.47,76.9,141.1,95.7,69.6,4.51,High
8.05,15.6,97.3,52.5,34.2,3.84,Medium
8.05,57.7,143.2,139.3,10.8,4.32,Medium
8.34,73.2,22.7,9.8,7.0,9.79,Low
8.57,97.8,71.6,82.4,58.9,0.89,High
6.56,142.6,90.3,88.6,52.1,9.22,High
6.51,90.1,87.3,97.9,74.2,4.8,High
7.99,111.5,60.2,38.3,51.0,6.24,Medium
7.25,75.9,50.7,54.7,42.2,8.3,Medium
7.51,95.1,19.0,126.6,39.8,3.6,Medium
7.98,10.6,58.8,29.2,2.6,4.3,Low
8.45,38.2,24.4,124.0,33.6,4.1,Medium
5.69,54.3,110.2,84.4,97.6,3.75,High
5.88,70.9,31.3,114.3,87.4,9.26,High
4.47,6.8,8.8,107.0,32.9,8.29,Medium
6.89,21.0,82.9,31.1,58.8,1.09,Medium
4.18,41.5,89.3,85.3,84.7,1.08,Medium
6.33,145.7,130.8,130.2,44.1,4.28,High
6.71,49.7,86.5,64.8,1.8,0.99,Medium
5.43,72.3,51.8,145.0,7.5,6.19,Medium
6.95,29.4,120.5,67.8,51.0,1.44,Medium
4.15,91.6,81.0,21.4,96.9,5.22,Medium
4.19,42.1,11.9,58.4,69.3,0.07,Low
8.11,31.0,84.9,142.8,7.1,3.17,Medium
5.8,77.5,136.2,48.0,18.9,6.77,Medium
4.64,0.8,59.4,130.2,77.1,4.84,Medium
6.61,1.1,44.4,132.2,84.1,9.78,High
7.85,32.9,21.5,52.5,61.8,8.74,Low
5.08,5.5,22.7,12.5,64.4,3.59,Low
7.11,16.2,64.9,108.7,2.8,0.45,Medium
4.43,50.8,89.4,46.7,82.9,8.46,Medium
4.26,120.4,12.1,117.4,78.8,9.11,Medium
6.66,85.8,140.9,66.4,25.9,8.21,High
6.7,76.9,113.3,72.8,70.9,1.28,High
7.19,44.0,88.0,116.7,21.5,9.98,High
7.63,139.8,124.3,57.4,4.0,2.59,Medium
8.88,59.6,12.0,66.5,20.1,7.24,Low
6.58,13.1,71.5,56.4,17.9,9.08,Medium
5.61,92.6,94.5,55.1,33.8,2.36,High
7.98,17.1,124.3,78.9,41.8,9.08,Medium
5.35,51.8,117.5,121.3,50.9,3.09,High
6.19,76.1,41.6,54.3,47.7,9.76,High
4.39,131.1,141.1,78.6,27.1,2.81,Medium
4.13,74.0,18.7,100.6,2.9,9.53,Medium
8.81,105.3,131.3,40.4,60.5,0.54,Medium
8.18,148.9,145.6,41.6,39.6,7.09,High
7.48,19.7,26.6,140.0,29.9,5.32,Medium
6.04,41.2,108.3,108.5,86.7,4.78,High
4.87,59.2,6.0,86.6,74.7,2.23,Medium
4.78,63.3,60.8,97.2,85.8,7.06,High
5.25,61.7,77.4,4.4,49.5,1.91,Medium
6.75,136.1,87.1,92.7,13.1,5.53,High
7.57,107.1,140.4,76.4,69.6,2.53,High
7.3,91.2,100.8,81.9,20.6,9.56,High
5.4,46.4,72.2,53.9,44.1,0.29,Medium
8.77,123.6,121.5,12.2,6.5,2.0,Medium
7.69,143.3,142.6,29.0,82.5,2.42,Medium
6.77,123.2,3.3,142.6,12.6,4.14,High
7.06,0.2,147.4,61.3,90.3,2.33,Medium
6.1,95.5,12.9,70.0,86.4,4.91,High
5.24,7.7,122.2,7.9,46.5,8.72,Medium
5.78,38.6,42.1,5.6,74.4,7.12,Medium
7.79,8.9,19.8,107.6,61.9,5.8,Medium
4.07,90.6,66.0,80.7,80.3,0.89,High
4.58,103.0,96.6,76.3,43.2,6.94,High
4.23,17.2,57.1,36.5,78.6,1.66,Low
4.2,57.6,8.2,111.7,46.2,7.86,Medium
8.28,68.4,89.9,25.2,94.1,2.5,Medium
7.52,55.4,135.4,28.5,48.6,4.17,Medium
6.37,18.2,57.5,69.1,46.3,3.5,Medium
4.49,62.8,32.4,42.9,78.5,8.59,Medium
6.46,112.7,66.4,37.1,82.2,1.27,High
6.37,10.7,7.3,96.8,55.4,5.66,Medium
4.87,12.0,123.1,97.6,18.0,1.42,Medium
6.17,53.2,124.0,123.7,46.8,7.05,High
5.99,141.3,88.2,62.7,96.8,9.05,High
7.08,100.3,53.0,11.0,75.3,4.35,Medium
7.18,101.8,120.0,41.0,81.1,4.88,High
4.23,54.3,83.2,147.0,3.3,9.27,Medium
5.87,89.0,123.9,89.4,46.8,5.21,High
7.13,1.5,94.7,106.5,64.7,4.88,High
6.52,95.4,117.7,1.1,83.0,5.78,High
8.28,137.0,89.8,77.7,4.9,6.89,Medium
7.29,91.9,62.1,5.6,85.2,1.07,Medium
4.81,131.1,143.7,85.4,54.8,8.21,High
4.35,108.6,81.2,138.1,19.7,4.36,High
7.21,18.1,90.8,145.3,31.7,0.72,Medium
4.13,135.4,33.1,81.1,28.2,7.86,Medium
6.93,10.0,93.8,68.7,53.1,3.77,High
8.7,80.1,85.7,141.8,5.2,1.0,Medium
6.88,21.3,27.7,101.0,15.9,6.34,Medium
5.94,1.8,8.9,9.7,81.3,8.8,Low
7.22,63.3,90.7,69.9,13.3,8.88,Medium
6.29,44.3,114.6,36.0,23.3,9.58,Medium
6.73,72.9,78.5,70.5,45.3,8.68,High
8.71,86.6,34.0,68.3,51.7,0.02,Medium
5.93,6.6,100.0,87.3,76.4,3.8,High
8.81,18.5,12.0,53.5,44.7,8.19,Low
8.53,83.8,66.3,24.6,79.0,3.66,Medium
4.98,51.5,24.5,75.6,61.8,6.02,Medium
4.35,109.4,27.7,124.5,11.3,6.06,Medium
4.5,97.8,30.3,99.6,15.6,3.65,Medium
4.09,126.8,58.0,50.8,43.7,9.04,Medium
4.47,103.9,7.7,140.3,39.7,5.03,Medium
7.42,64.5,59.7,136.8,74.4,4.65,High
4.36,100.9,76.8,31.4,58.1,9.98,Medium
5.59,41.3,72.5,5.9,38.8,4.94,Medium
8.22,45.9,57.4,111.2,17.1,1.78,Medium
4.12,118.3,125.9,124.1,22.7,5.13,High
8.07,67.0,21.8,145.2,57.6,8.14,Medium
5.41,119.8,75.9,133.5,42.3,7.77,High
4.59,123.4,9.3,90.1,51.5,7.89,Medium
7.48,128.6,10.7,79.5,17.1,7.08,Medium
7.14,137.5,86.1,4.2,66.3,2.54,High
8.39,64.6,84.9,37.0,85.3,8.62,Medium
7.68,47.8,131.7,68.9,25.8,8.93,Medium
8.02,87.3,83.7,94.3,49.2,1.94,High
5.41,55.7,144.0,83.6,97.6,1.3,Medium
4.89,90.2,7.3,111.4,33.3,9.76,Medium
7.75,105.8,14.7,42.0,59.5,8.68,Medium
8.03,103.3,6.6,84.7,9.0,8.93,Medium
8.95,56.2,27.8,13.2,60.6,8.86,Low
6.06,25.0,81.2,62.0,9.0,5.42,Medium
5.86,64.6,96.8,112.5,95.9,6.46,High
7.88,21.4,6.8,104.0,71.6,5.45,Medium
5.7,133.5,141.9,148.6,78.8,0.51,High
8.65,51.9,126.3,41.7,70.4,7.46,Medium
8.29,23.2,44.5,74.7,59.0,5.05,Medium
6.14,3.8,11.6,49.4,45.0,6.48,Medium
7.75,96.9,25.5,66.1,85.8,5.03,Medium
7.77,95.5,19.0,128.5,95.7,4.92,Medium
4.52,51.1,18.5,102.6,49.9,1.72,Medium
8.51,10.8,77.8,132.4,93.2,2.79,Medium
6.53,61.4,36.9,30.5,58.3,1.59,Medium
8.13,46.7,53.7,131.0,53.8,1.96,Medium
5.6,101.6,148.4,9.0,45.4,9.73,High
8.48,90.9,102.6,133.3,20.9,1.53,Medium
5.95,54.7,142.3,49.4,0.4,2.69,Medium
4.05,32.7,21.4,47.2,24.2,5.91,Low
8.53,148.2,57.3,76.8,51.0,6.1,Medium
4.46,68.1,83.2,141.1,38.0,1.54,Medium
5.6,103.2,11.5,7.2,44.8,7.94,Medium
8.75,21.1,0.6,52.8,98.1,7.85,Low
8.75,72.8,100.6,128.5,35.0,2.37,High
6.87,4.1,96.3,59.4,45.2,2.89,High
7.16,75.8,61.6,29.9,13.4,9.38,Medium
6.24,144.6,73.4,63.7,4.8,8.26,High
5.47,57.6,62.3,57.8,77.5,6.98,Medium
5.64,5.8,3.6,137.3,57.1,0.82,Medium
7.36,4.6,50.3,114.3,76.1,4.18,Medium
7.76,58.2,26.6,75.8,15.0,5.59,Low
7.96,24.0,14.8,148.3,57.2,1.87,Low
7.95,3.5,143.5,69.8,25.4,4.48,Medium
4.46,113.4,89.9,8.7,22.8,6.01,Medium
6.47,68.8,109.3,39.3,1.2,3.27,Medium
4.29,43.4,47.3,65.4,13.0,7.81,Medium
6.75,135.0,59.0,23.5,30.9,8.4,High
6.21,17.4,35.5,142.1,11.7,3.24,Medium
8.44,143.4,14.5,115.0,98.6,8.39,Medium
5.75,47.1,26.9,40.2,30.9,1.04,Medium
4.59,133.3,119.6,88.6,13.0,8.38,High
4.71,90.4,101.6,108.2,19.9,1.53,Medium
7.81,124.0,82.0,141.2,58.8,0.83,High
7.09,147.6,71.3,132.2,6.4,6.42,High
4.51,43.3,138.4,77.3,86.2,4.72,Medium
4.42,144.2,10.9,116.2,96.1,9.08,Medium
7.5,58.4,42.1,84.3,24.7,3.63,Medium
4.36,57.8,52.5,82.9,45.0,2.87,Medium
8.11,51.1,117.4,17.2,2.2,5.01,Medium
7.53,81.2,148.9,18.9,64.1,4.56,Medium
4.41,23.1,36.1,79.4,41.4,3.44,Medium
4.42,83.1,131.1,40.3,27.0,6.94,Medium
8.93,81.3,124.6,3.2,20.7,7.6,Medium
5.87,114.3,33.7,108.4,65.4,8.53,High
5.85,125.0,59.9,4.9,41.6,9.73,Medium
8.06,66.1,61.5,89.3,18.0,2.67,Medium
8.74,45.3,146.7,80.9,68.9,7.16,High
8.93,38.9,27.1,145.3,56.5,3.94,Medium
7.77,29.2,119.9,72.6,85.9,6.77,Medium
5.88,8.6,50.1,9.5,11.7,4.76,Low
4.42,51.4,109.6,82.8,78.6,9.94,High
7.89,40.5,63.0,126.2,67.4,7.29,High
6.79,145.0,86.8,149.5,11.5,9.52,High
6.12,83.7,124.9,64.6,69.5,8.35,High
8.53,52.1,120.6,48.0,44.2,9.03,Medium
4.56,87.1,130.0,136.0,94.5,8.14,High
6.46,20.9,8.9,28.7,14.2,4.59,Low
4.06,66.6,103.8,92.3,64.3,2.52,High
6.34,93.9,21.0,60.9,38.2,3.7,High
4.28,73.3,62.4,6.2,95.7,0.2,Medium
4.59,60.3,82.3,52.1,33.0,5.24,Medium
4.59,149.1,60.4,39.8,96.2,5.05,Medium
7.25,132.0,77.9,102.9,90.1,5.25,High
7.73,93.5,149.5,142.3,27.0,9.74,High
6.92,85.4,20.3,40.2,80.4,9.11,High
8.81,93.1,101.3,121.7,99.6,1.62,High
5.87,30.2,59.4,8.3,25.3,3.69,Low
5.43,59.3,20.0,80.7,43.7,4.24,Medium
8.34,5.9,23.8,10.6,52.0,3.61,Low
5.12,71.3,142.4,140.1,29.5,7.98,Medium
8.82,81.5,131.9,115.0,1.5,5.24,High
4.06,34.2,136.1,98.7,22.0,5.72,Medium
8.85,144.6,148.7,123.6,28.2,8.53,High
4.22,136.4,31.2,97.1,44.4,8.06,High
8.46,108.3,53.3,145.3,17.1,1.32,Medium
6.64,80.0,100.4,107.1,87.3,7.14,High
8.96,130.5,72.6,138.7,70.5,4.35,High
4.37,19.6,62.8,77.6,8.5,2.95,Medium
6.77,118.6,53.7,17.6,65.0,0.5,Medium
8.85,18.7,89.1,79.2,65.4,4.87,Medium
6.62,119.1,86.3,19.0,95.6,3.55,High
7.15,41.4,24.2,88.9,0.3,2.52,Medium
7.48,131.6,70.8,72.4,24.8,6.95,High
6.27,141.6,83.0,93.4,92.8,7.69,High
7.14,22.3,85.5,1.5,93.2,2.45,Medium
6.92,69.4,31.5,29.2,72.1,0.49,Medium
8.51,147.1,111.3,73.7,76.6,8.49,High
4.23,72.5,3.8,142.6,9.1,0.1,Low
5.4,129.5,53.2,57.5,51.4,9.37,Medium
8.75,88.3,117.0,63.7,23.2,6.28,Medium
8.45,56.3,84.6,107.2,18.1,3.22,Medium
6.28,42.9,39.2,90.6,81.0,2.46,High
7.1,30.5,104.2,44.8,13.5,0.09,Medium
5.39,114.3,85.1,61.6,46.9,2.35,High
4.94,58.0,119.4,32.7,93.9,1.38,Medium
6.32,76.7,110.3,144.9,18.6,6.12,High
5.77,73.8,91.5,19.6,97.8,1.67,Medium
6.92,86.6,73.2,55.8,99.4,5.29,High
4.39,129.8,20.0,3.9,55.6,5.9,Medium
8.87,147.1,39.2,33.3,17.0,2.98,Medium
8.93,61.1,62.9,117.1,31.6,0.35,Medium
7.49,124.1,89.9,30.2,42.4,0.37,Medium
6.68,114.7,77.1,12.0,30.9,0.26,High
5.55,86.0,43.2,71.2,28.1,7.39,Medium
8.07,143.4,1.0,1.5,97.2,3.18,Medium
7.42,30.1,74.4,12.7,15.3,7.96,Medium
4.81,16.4,42.8,121.1,73.3,4.32,Medium
8.55,128.1,110.2,115.7,0.0,4.53,High
8.11,65.9,3.6,137.3,59.6,5.13,Medium
8.75,127.0,87.7,128.2,91.6,7.13,High
7.63,134.0,141.2,102.5,28.8,2.74,High
7.07,9.4,26.2,7.8,18.6,1.22,Low
6.09,132.5,70.7,117.4,65.2,5.56,High
8.66,67.2,13.7,126.8,71.3,3.27,Medium
8.33,76.6,93.9,119.9,68.8,4.42,High
4.23,94.0,82.6,76.3,31.9,6.47,High
4.13,139.0,61.1,34.9,25.2,4.94,Medium
5.88,2.9,78.2,126.8,95.6,6.2,High
8.05,71.5,134.5,109.1,92.3,5.44,High
8.94,103.2,29.4,147.1,45.7,7.4,Medium
4.75,108.4,3.4,23.4,84.6,7.06,Medium
6.97,103.9,129.2,33.8,45.2,5.34,High
5.9,20.2,86.6,31.8,42.4,6.79,Medium
8.85,44.9,133.6,118.9,15.7,8.74,Medium
8.21,53.8,89.5,28.0,42.6,4.32,Medium
8.19,120.7,121.5,10.0,53.7,4.13,Medium
6.34,41.8,64.5,149.8,2.3,7.64,High
6.07,31.6,112.5,3.7,44.4,5.83,Medium
5.37,143.6,137.0,125.3,78.1,0.71,High
4.28,1.3,85.8,54.8,68.0,8.92,Medium
8.32,149.7,27.1,126.2,63.5,0.31,Medium
8.06,101.5,40.3,83.2,91.0,7.48,High
9.0,124.3,29.8,135.2,1.8,7.59,Medium
8.98,44.2,37.0,138.9,55.7,9.53,Medium
6.78,2.1,46.0,1.4,78.7,0.54,Medium
7.84,110.7,83.3,11.3,54.1,5.97,Medium
8.72,125.1,88.2,37.6,32.4,4.28,Medium
8.25,111.1,64.0,100.4,13.6,3.31,High
5.24,21.4,92.3,133.2,88.8,0.9,Medium
6.25,113.0,12.2,69.0,47.1,5.63,High
4.65,115.3,13.2,91.0,87.8,4.79,Medium
8.77,98.8,25.8,28.3,58.6,1.05,Low
7.03,114.9,77.7,120.7,67.4,6.12,High
5.14,126.9,32.1,145.1,80.4,7.38,High
7.36,92.0,42.5,40.3,65.9,7.67,High
7.09,13.3,60.0,74.2,39.8,9.05,Medium
5.79,73.1,121.8,12.9,51.4,4.09,Medium
4.57,11.6,2.1,83.9,80.3,9.53,Medium
7.36,61.1,97.4,75.4,37.4,8.65,High
6.6,61.1,100.3,21.7,38.8,2.97,High
7.86,9.9,119.8,66.3,9.6,1.59,Low
6.6,52.3,139.9,50.1,91.5,4.35,High
8.26,16.6,3.0,78.3,9.1,4.02,Low
6.76,121.2,23.1,87.8,64.8,5.76,High
6.8,142.2,132.9,1.3,41.3,5.83,High
8.38,10.8,68.8,114.2,40.6,7.5,Medium
6.02,143.3,84.7,107.0,68.0,5.1,High
4.67,78.4,99.5,54.9,6.7,1.05,Medium
4.14,44.9,101.9,7.9,59.4,8.58,Medium
7.78,11.5,139.8,113.2,77.2,3.1,Medium
7.1,75.1,149.5,143.3,82.8,9.71,High
7.52,119.2,108.0,36.0,17.1,1.18,Medium
5.06,106.1,43.1,48.5,89.7,9.58,Medium
4.68,7.5,132.0,27.6,65.6,0.91,Low
4.07,10.9,7.4,86.5,88.2,2.31,Medium
5.75,60.4,34.7,23.2,48.5,0.47,Medium
6.95,44.3,134.6,53.4,54.2,7.05,High
5.96,34.9,38.4,104.6,91.9,8.5,Medium
6.19,42.2,33.1,84.0,90.0,4.34,High
8.52,120.5,20.7,58.0,44.8,9.29,Medium
5.74,139.4,128.9,63.0,27.4,5.9,High
6.57,60.8,75.0,84.3,39.3,6.3,High
7.92,135.9,101.2,0.9,38.8,8.45,Medium
5.98,48.2,35.9,11.8,28.7,2.97,Medium
7.11,71.5,113.7,132.2,26.9,3.54,High
8.31,33.9,114.0,11.7,86.1,9.06,Medium
8.75,96.1,46.9,106.0,7.0,9.01,Medium
4.74,146.8,61.6,138.0,67.8,9.76,High
8.63,90.5,31.5,40.6,17.3,9.02,Medium
6.46,53.7,146.5,55.6,34.5,1.27,High
5.29,97.2,96.8,85.3,6.2,8.24,High
6.3,18.4,140.2,132.3,27.0,4.1,High
8.9,133.3,45.5,141.3,76.8,9.91,High
6.46,75.5,117.3,110.9,88.5,4.72,High
5.64,67.4,114.9,13.0,22.2,5.54,Medium
7.17,87.9,103.7,100.4,46.4,5.3,High
5.2,93.7,144.8,61.5,47.0,3.22,High
4.38,10.8,59.0,70.6,87.4,0.75,Low
4.64,102.4,19.6,7.4,76.3,8.96,Medium
4.64,36.3,100.8,28.7,51.3,8.03,Medium
4.76,107.1,109.4,118.6,67.1,1.4,High
4.69,123.4,86.3,68.1,84.7,7.77,High
7.2,120.6,31.0,45.2,1.0,6.26,Medium
4.91,82.9,75.7,57.6,40.3,4.09,High
5.73,78.0,46.8,128.2,90.7,2.54,High
8.48,21.4,64.1,112.3,74.0,8.6,Medium
6.37,116.3,96.8,40.8,54.3,7.0,High
7.34,40.7,111.8,17.6,53.0,5.48,Medium
4.86,74.5,34.8,37.8,34.8,6.1,Medium
4.96,42.6,60.8,138.1,52.1,0.91,Medium
4.2,20.1,40.4,87.2,65.5,4.74,Medium
4.84,94.4,29.8,80.0,41.8,1.94,Medium
5.39,8.1,117.5,89.5,71.4,2.08,Medium
4.89,112.3,136.4,54.9,86.1,6.61,High
4.44,47.6,55.5,121.1,15.5,9.11,Medium
4.6,0.0,112.7,78.5,45.2,4.04,Medium
6.3,76.7,134.5,17.5,40.8,2.08,High
5.03,7.0,126.9,19.4,68.7,6.49,Medium
5.82,41.4,27.4,80.5,25.0,8.71,Medium
6.52,106.0,143.4,140.5,64.0,7.48,High
7.45,9.4,56.5,46.3,87.7,8.69,Medium
4.2,125.9,50.9,130.4,41.8,5.37,High
8.0,0.6,9.4,114.6,91.1,7.52,Medium
7.14,37.0,72.9,37.2,99.3,1.4,Medium
4.41,111.1,16.4,5.5,10.6,3.48,Low
8.37,47.4,37.3,15.3,23.3,3.9,Low
8.6,15.3,47.5,109.3,95.0,5.11,Medium
4.31,54.0,121.3,30.0,95.8,9.29,Medium
5.38,40.6,131.3,55.7,9.8,8.74,Medium
8.03,126.4,45.4,75.3,1.5,1.35,Medium
7.74,47.0,128.8,108.8,16.1,1.73,Medium
4.92,118.3,128.6,17.0,99.6,3.58,Medium
5.05,133.8,114.7,61.0,18.0,2.91,Medium
5.85,65.1,22.0,72.8,50.3,6.15,Medium
6.42,136.5,103.5,81.1,84.8,9.03,High
7.09,56.6,141.8,122.8,2.0,9.62,High
5.84,144.6,102.4,25.8,60.4,6.54,High
6.31,13.4,49.7,121.2,27.7,8.38,Medium
7.74,103.1,75.1,103.9,86.2,5.25,High
4.18,74.1,96.9,83.4,28.3,2.08,Medium
5.26,58.1,76.6,104.9,68.7,5.25,High
7.57,94.9,18.0,61.8,67.4,5.55,Medium
8.48,105.6,46.8,20.8,22.1,7.42,Medium
6.56,0.7,120.4,99.9,3.5,2.2,High
6.66,25.0,129.2,78.7,40.9,3.68,High
4.54,107.0,20.6,95.9,28.9,3.64,Medium
6.24,100.0,142.9,50.7,80.9,9.59,High
6.66,144.9,49.3,136.0,80.0,4.44,High
5.21,114.2,99.3,88.1,45.7,7.55,High
5.35,142.6,112.8,12.8,60.7,7.51,Medium
5.89,105.4,121.8,67.5,60.4,2.66,High
4.1,44.7,141.9,113.5,82.7,5.72,High
5.61,15.8,46.9,119.1,42.5,8.94,Medium
5.06,117.3,128.8,74.2,27.5,4.75,Medium
5.64,96.6,19.8,134.2,26.5,9.45,Medium
4.6,7.2,105.8,40.2,53.6,2.14,Medium
8.45,54.0,111.3,61.6,44.9,0.74,Medium
6.97,143.5,101.7,134.8,44.0,8.91,High
7.4,75.1,37.8,134.4,9.1,8.48,Medium
7.95,64.9,131.0,102.9,71.9,9.93,High
6.49,68.7,25.3,128.8,21.4,6.79,Medium
4.43,31.3,8.0,13.3,19.7,9.37,Low
6.69,55.3,107.6,129.7,41.3,8.27,High
6.93,55.5,71.3,48.1,22.8,8.44,High
7.73,7.9,127.4,26.7,58.4,5.69,Medium
6.16,115.1,57.5,35.9,37.1,3.82,High
4.64,62.5,25.2,62.7,44.9,9.35,Medium
5.42,123.3,125.5,37.7,53.7,4.32,Medium
5.82,127.6,82.3,48.1,20.4,5.39,High
7.23,31.8,28.4,20.2,15.6,4.46,Low
6.85,98.6,108.1,44.4,88.0,5.65,High
5.78,70.8,76.7,85.8,43.4,4.71,High
8.93,132.0,90.6,66.3,41.2,0.48,Medium
7.03,32.4,69.1,52.0,3.6,8.82,Medium
5.19,101.7,124.3,112.0,49.8,4.44,High
4.51,91.2,124.4,134.0,55.4,5.89,High
4.76,44.3,106.4,113.5,55.9,1.39,Medium
5.23,20.5,15.8,49.8,70.7,0.03,Low
4.8,97.7,125.8,111.7,17.7,2.45,High
4.93,110.8,100.7,22.8,25.2,7.05,Medium
5.43,47.3,104.6,19.5,81.1,0.99,Medium
4.87,96.7,54.4,51.8,94.7,9.09,Medium
8.48,59.3,131.9,121.2,13.6,2.15,Medium
4.4,107.0,108.8,37.0,49.8,2.05,Medium
6.62,29.9,16.9,9.5,21.4,1.82,Low
6.05,133.5,61.2,19.8,6.0,0.14,Medium
8.91,43.1,133.0,128.8,32.6,7.72,High
4.56,55.2,7.1,95.1,14.4,8.75,Medium
5.99,8.7,144.2,38.0,71.0,6.14,Medium
8.85,16.7,101.9,83.3,53.4,1.88,Medium
8.33,77.4,94.7,79.1,14.4,2.85,Medium
8.09,40.1,40.6,98.3,0.9,4.76,Medium
5.29,125.3,37.3,35.0,80.8,9.54,Medium
4.85,2.2,141.3,129.7,17.6,2.47,Medium
7.34,56.9,44.7,46.4,60.6,7.32,Medium
8.65,50.6,116.3,104.1,33.7,4.39,High
6.78,2.9,59.0,2.4,58.5,2.98,Medium
6.86,18.7,20.9,55.9,31.6,4.56,Medium
5.4,62.0,1.6,52.8,8.7,0.71,Low
7.85,73.9,81.6,81.5,22.3,7.99,Medium
4.94,60.6,146.4,10.9,18.8,2.43,Medium
5.62,79.6,55.4,118.5,42.8,7.25,High
6.13,89.3,53.6,32.7,65.8,0.68,Medium
6.54,1.5,51.6,101.6,26.4,9.55,Medium
5.21,69.6,78.1,120.5,1.2,1.93,Medium
4.57,144.5,66.1,84.3,51.9,8.83,High
7.05,77.9,132.0,111.1,60.6,8.09,High
5.44,101.6,75.8,99.3,96.3,9.68,High
6.91,46.8,76.2,53.3,58.9,4.78,High
4.77,116.1,20.8,121.3,47.1,7.27,Medium
6.41,115.9,147.4,44.2,57.3,3.71,High
6.66,78.2,37.5,85.7,92.8,1.84,High
4.26,146.4,11.0,111.8,82.8,4.43,Medium
5.68,18.8,99.5,56.8,32.3,1.66,Medium
4.67,2.5,89.3,45.4,23.7,9.82,Medium
4.32,115.5,62.3,68.9,26.3,0.96,Medium
8.95,121.1,63.3,122.7,50.4,5.89,High
5.61,18.0,117.8,139.5,74.4,6.26,High
8.05,39.8,29.4,81.8,50.3,5.38,Medium
5.27,2.6,123.0,99.2,6.8,6.62,Medium
7.41,44.0,97.3,135.5,72.4,1.16,High
7.8,116.0,62.8,14.8,80.6,5.55,Medium
6.98,77.7,68.7,34.8,28.9,2.87,Medium
6.36,52.2,38.5,106.3,66.4,9.4,High
6.06,55.8,112.8,123.6,42.7,7.62,High
5.74,0.2,76.9,128.6,88.9,9.73,High
8.65,45.0,48.1,62.3,84.5,0.38,Medium
8.15,97.0,89.4,13.4,52.5,2.85,Medium
8.83,146.1,149.4,65.7,69.2,1.95,Medium
4.62,127.1,65.3,34.6,88.3,0.11,Medium
7.65,3.5,138.1,43.7,49.6,2.42,Medium
8.69,134.8,51.8,115.8,31.3,6.79,High
4.91,117.5,8.2,11.3,75.4,2.31,Medium
4.33,117.1,30.6,124.1,22.0,5.09,Medium
7.71,68.7,62.8,64.2,38.9,8.88,Medium
6.87,59.7,32.9,89.4,86.6,6.94,High
8.21,45.4,0.0,13.4,72.4,3.95,Low
4.7,9.9,137.3,50.6,40.4,3.72,Medium
7.98,34.2,126.6,13.5,21.5,4.56,Low
5.01,37.0,111.3,144.2,35.6,1.77,Medium
4.82,72.6,25.2,121.1,28.4,6.34,Medium
4.82,112.1,18.1,68.9,17.6,3.64,Medium
8.07,71.1,10.1,33.5,74.3,8.52,Low
7.33,8.7,108.6,140.0,25.2,7.57,Medium
6.62,143.7,139.3,51.7,45.4,6.11,High
5.79,141.4,64.6,24.1,38.6,3.64,High
8.39,117.8,17.9,84.5,98.2,2.1,Medium
5.96,148.7,76.9,141.6,39.1,7.76,High
8.08,81.7,52.3,0.6,8.0,4.86,Medium
6.2,144.4,56.2,35.7,9.0,2.25,Medium
5.88,11.3,93.2,140.8,59.1,1.95,Medium
6.31,54.9,107.8,25.7,59.9,1.65,Medium
5.51,33.8,16.6,17.0,41.9,7.77,Low
7.74,29.4,5.3,85.5,43.2,2.29,Medium
6.51,21.1,149.1,129.3,5.4,5.27,High
5.16,93.4,34.9,71.6,51.7,4.52,Medium
8.5,117.2,8.1,149.2,50.5,5.8,Medium
5.92,86.7,28.5,101.9,15.0,8.77,Medium
6.72,22.0,5.8,11.1,10.4,8.68,Low
8.53,121.7,58.8,148.9,12.4,4.51,Medium
7.12,95.4,120.4,61.2,10.1,0.15,Medium
4.58,58.2,51.2,43.1,61.0,4.26,Medium
8.7,101.1,66.6,83.7,19.6,6.06,High
7.14,39.0,101.3,45.6,25.1,5.58,Medium
5.67,51.8,76.3,13.0,17.4,6.51,Medium
4.7,137.6,129.2,0.2,95.8,1.54,Medium
7.97,43.6,129.9,67.4,85.5,6.47,Medium
7.1,70.5,1.5,125.5,23.0,1.83,Medium
6.67,133.5,116.7,85.8,32.8,7.51,High
8.47,106.2,69.1,149.9,21.0,3.39,High
7.94,9.3,148.3,43.0,49.2,7.1,Medium
4.76,22.1,72.5,42.1,2.0,0.48,Low
5.56,1.2,148.0,24.0,67.1,4.08,Medium
5.24,94.6,113.2,24.6,52.3,7.05,Medium
7.72,67.2,37.3,42.8,89.9,2.27,Medium
4.17,20.1,80.8,118.9,16.4,7.95,Medium
6.85,143.7,148.8,135.9,80.4,6.31,High
7.81,79.4,128.6,146.3,79.2,5.88,High
8.38,36.3,14.6,34.8,12.7,3.54,Low
5.71,75.1,106.0,132.2,39.9,4.82,High
8.11,101.9,51.8,49.2,17.0,5.97,Medium
4.55,11.4,1.0,16.9,25.5,4.72,Low
8.23,41.2,60.5,130.5,26.3,6.98,Medium
4.64,121.0,35.2,95.4,55.6,4.34,High
5.99,68.9,122.8,24.7,41.1,2.02,Medium
7.99,82.0,50.6,64.5,94.8,2.14,Medium
4.75,64.9,124.1,43.1,12.6,0.06,Medium
5.15,6.6,0.1,110.5,97.4,3.01,Medium
7.61,24.9,46.2,68.0,23.1,7.49,Low
7.6,66.8,36.2,148.4,77.3,7.94,Medium
7.21,31.4,35.0,8.2,33.9,2.02,Medium
7.47,7.5,10.2,53.3,14.3,9.59,Low
6.71,126.5,28.1,72.3,85.8,5.02,High
5.26,147.2,83.3,75.5,30.9,9.17,High
5.73,119.0,43.7,47.4,65.9,7.07,High
4.91,128.1,62.6,109.4,56.6,7.22,High
8.54,36.3,56.5,131.2,47.2,0.85,Medium
6.92,144.1,131.4,140.8,49.6,2.2,High
6.0,29.5,135.8,120.8,73.2,0.09,High
6.31,142.7,73.9,127.6,8.8,7.16,High
8.74,149.2,49.5,82.6,66.8,3.44,High
4.77,106.8,16.0,123.9,89.6,7.87,Medium
6.93,147.2,143.0,45.5,5.8,3.39,High
6.53,85.4,9.0,59.8,14.1,8.19,Medium
7.06,38.9,44.6,47.5,71.7,1.31,Medium
4.09,65.5,44.7,70.1,43.7,1.73,Medium
8.36,89.0,48.1,42.8,40.4,3.41,Medium
8.66,11.0,24.6,144.2,13.7,4.08,Low
6.83,93.4,117.5,46.9,50.7,3.49,High
7.48,147.2,18.4,14.7,12.7,7.64,Medium
8.61,28.5,95.2,79.0,47.7,0.97,Medium
7.54,118.9,18.6,8.6,76.4,3.51,Medium
4.76,136.2,10.6,16.6,25.8,8.37,Low
6.88,141.6,136.4,32.9,48.1,0.67,High
7.03,144.0,28.5,69.7,99.2,9.42,Medium
6.12,78.2,123.2,65.0,68.7,9.86,High
7.68,146.6,81.7,120.0,84.1,0.89,High
8.67,113.6,11.7,110.9,41.5,2.91,Medium
8.63,24.3,143.3,63.9,76.8,3.72,Medium
6.25,71.5,37.0,50.1,4.1,7.76,Medium
4.57,107.7,128.9,47.5,12.3,5.96,Medium
8.92,37.1,25.3,116.1,20.3,6.44,Low
8.19,96.1,128.1,7.8,40.2,7.58,Medium
4.62,100.0,2.0,1.9,84.6,1.18,Low
8.6,24.4,76.8,119.3,34.6,8.33,Medium
8.35,84.8,115.4,71.6,65.5,7.06,High
6.59,115.7,140.2,19.6,70.9,5.77,High
6.96,74.8,136.4,35.3,58.6,8.9,High
6.0,1.8,122.9,139.9,35.7,7.0,High
4.27,1.4,133.2,128.9,57.7,2.02,Medium
5.68,53.6,29.9,106.5,34.2,4.3,Medium
8.01,138.9,42.6,72.3,8.4,4.94,Medium
4.02,34.3,43.3,78.0,99.3,0.55,Low
5.67,95.2,56.6,146.3,12.7,9.55,High
5.99,33.3,59.0,144.9,7.2,1.29,Medium
6.69,48.3,81.7,32.3,87.9,6.97,High
8.6,127.2,24.0,121.7,30.2,5.06,Medium
5.73,109.3,103.7,29.6,65.0,0.26,Medium
5.73,14.3,25.1,32.0,32.9,9.25,Low
7.69,64.3,46.5,101.4,39.1,8.52,Medium
6.26,4.4,75.5,60.8,26.2,5.24,Medium
5.12,72.1,119.5,139.7,34.3,2.29,High
6.26,99.4,110.9,13.4,41.1,1.22,High
4.7,17.8,96.8,76.7,72.0,3.63,Medium
4.88,43.3,23.4,137.8,51.2,2.55,Medium
6.49,59.7,82.1,135.6,94.4,5.07,High
6.09,137.9,13.1,23.5,4.2,9.66,Medium
8.57,149.0,56.6,55.0,50.3,5.75,Medium
5.81,6.7,62.0,92.9,58.4,8.9,High
6.9,114.2,6.0,23.9,92.0,6.51,Medium
7.16,55.8,41.1,145.2,4.9,4.75,Medium
4.07,58.9,143.3,137.2,57.3,8.55,High
7.32,113.1,143.0,25.0,85.4,4.71,High
4.89,137.8,52.8,18.2,24.2,8.69,Medium
8.81,142.6,6.5,12.8,87.6,2.92,Medium
4.74,86.6,26.9,136.4,1.9,1.29,Medium
6.07,53.6,58.8,29.0,73.2,8.55,Medium
4.43,118.1,142.2,62.4,93.3,5.87,High
8.98,37.7,21.2,67.3,65.7,8.89,Low
6.51,84.6,114.5,89.9,43.9,9.38,High
6.98,53.8,16.3,10.8,4.5,0.54,Low
4.34,98.5,147.2,34.0,92.0,5.01,Medium
7.75,36.1,57.2,139.7,47.0,3.75,Medium
5.05,28.7,116.3,136.3,2.9,6.26,Medium
8.49,137.7,51.4,117.2,69.0,7.94,High
5.03,15.3,94.2,2.9,48.2,2.81,Medium
4.95,75.9,28.8,49.1,12.4,5.57,Low
4.18,33.1,21.9,94.2,21.4,7.09,Low
6.36,5.8,140.7,41.3,6.4,1.34,Medium
6.82,5.4,137.6,136.4,57.4,8.14,High
4.33,26.3,133.1,95.1,62.2,6.06,Medium
7.88,130.0,93.8,10.8,50.6,9.5,Medium
6.27,42.4,121.2,136.4,81.7,3.4,High
6.62,142.6,10.4,143.7,86.1,1.08,High
6.2,87.2,50.2,11.7,61.6,5.07,High
6.0,65.5,47.1,79.9,1.3,0.86,Medium
6.8,87.0,95.3,45.5,69.5,9.7,High
4.78,77.5,53.4,58.9,41.8,0.39,Medium
4.91,113.8,22.3,26.9,56.6,7.54,Medium
8.31,42.4,89.5,86.7,64.9,5.25,High
8.73,53.0,122.2,143.7,35.0,3.69,High
5.87,134.1,57.3,75.5,91.7,0.66,Medium
5.35,142.0,19.8,12.4,13.4,6.22,Low
7.22,133.9,29.5,93.0,67.2,5.85,High
6.04,62.9,35.6,51.0,0.4,2.81,Medium
4.13,117.1,45.0,128.4,92.5,9.1,High
4.78,71.5,96.4,65.2,11.3,3.04,Medium
7.58,74.6,90.1,28.9,9.5,4.5,Medium
7.29,30.7,104.4,28.7,33.3,5.44,Medium
4.14,88.7,54.4,115.3,37.4,1.0,Medium
5.11,27.9,123.6,39.8,21.4,9.32,Low
5.16,49.7,30.6,115.1,58.5,3.75,Medium
7.36,128.3,70.4,30.9,44.3,0.81,Medium
4.1,31.1,120.1,48.3,3.4,3.87,Medium
4.52,10.7,27.0,69.8,32.0,6.0,Low
8.0,10.4,16.5,141.5,81.0,5.14,Medium
4.89,141.1,132.6,139.8,69.0,6.95,High
7.26,76.0,51.4,31.0,72.5,0.55,Medium
5.19,61.4,102.6,53.7,69.8,2.85,Medium
4.5,121.6,3.8,22.4,31.1,8.19,Medium
5.22,125.4,103.5,76.5,10.0,0.8,Medium
7.61,49.8,47.4,69.1,27.2,8.55,Medium
8.28,104.0,8.4,135.1,83.2,0.92,Medium
8.15,115.7,91.5,139.5,98.0,8.34,High
5.99,98.2,36.1,57.5,49.4,3.61,High
7.34,22.7,58.0,73.8,1.0,6.12,Medium
5.02,131.4,12.1,134.4,14.0,1.53,Medium
5.47,80.9,22.1,121.0,32.2,0.66,Medium
8.48,42.4,44.7,0.5,57.9,2.16,Medium
4.07,63.8,13.5,48.0,7.5,1.28,Low
4.43,5.6,136.6,63.3,94.3,3.12,Medium
5.04,19.2,0.9,34.5,36.5,5.14,Low
4.13,114.8,72.6,29.9,91.3,5.89,Medium
4.91,0.0,18.5,5.7,78.1,7.9,Low
6.92,62.5,46.2,96.5,75.5,6.56,High
6.11,78.4,138.9,39.4,60.7,6.09,High
8.46,8.2,24.3,7.9,62.7,4.12,Low
8.09,146.0,144.9,34.6,63.8,4.74,Medium
5.71,33.9,30.9,120.3,62.9,4.15,Medium
5.3,45.6,111.2,127.7,55.4,8.42,High
5.9,45.6,82.0,72.5,98.6,2.3,High
6.95,34.6,132.7,62.4,73.2,0.06,Medium
5.34,0.2,83.1,146.7,77.7,6.51,Medium
7.12,109.4,80.2,30.1,87.2,2.02,High
6.05,145.0,29.3,32.3,21.6,8.9,Medium
6.76,33.6,24.9,43.8,8.4,8.59,Medium
6.18,99.5,137.5,25.9,48.3,0.77,High
5.47,111.3,49.2,56.9,51.4,1.06,Medium
8.74,127.3,55.8,136.6,82.9,4.95,High
7.82,63.4,114.0,92.3,44.4,6.09,High
4.7,45.4,50.8,61.8,57.1,2.75,Medium
8.34,48.8,142.8,140.2,52.7,7.17,High
6.44,106.9,110.7,7.3,3.8,5.95,High
8.47,122.5,89.6,31.5,61.5,3.25,Medium
8.0,27.2,132.1,84.9,82.8,0.25,Medium
6.13,55.6,7.4,92.3,15.8,7.5,Medium
4.11,135.3,38.6,5.9,59.4,2.15,Medium
5.34,121.0,69.8,60.5,59.4,8.34,High
6.71,147.7,34.0,97.4,16.4,4.2,High
7.17,113.1,111.6,104.7,12.3,5.77,High
5.29,59.0,137.9,95.7,98.0,8.73,High
4.7,88.6,63.6,48.1,39.4,8.64,High
8.17,99.2,51.3,14.0,22.7,3.72,Medium
8.92,11.8,144.2,64.1,17.1,2.09,Medium
6.63,81.7,66.7,19.3,66.8,7.75,High
4.86,106.4,73.4,142.1,60.9,4.33,High
5.36,25.1,52.7,71.3,64.4,1.92,Low
4.09,117.1,136.4,47.6,8.8,9.04,Medium
8.57,87.6,85.3,114.9,89.4,1.98,High
4.59,142.8,114.3,74.7,38.9,0.26,Medium
6.88,6.4,121.8,46.5,31.3,0.2,Medium
5.37,39.8,51.3,121.8,46.2,6.22,Medium
6.77,90.2,65.1,130.1,39.0,6.62,High
7.26,44.5,127.3,101.0,86.4,3.11,High
8.15,107.2,54.5,7.0,92.9,3.2,Medium
5.03,113.9,119.1,84.9,30.3,3.39,High
4.05,15.4,141.1,114.5,86.4,6.8,Medium
4.68,77.1,93.5,20.5,78.2,0.58,Medium
8.5,76.3,111.2,34.3,93.1,9.29,Medium
8.37,55.4,120.8,132.4,24.6,2.23,Medium
6.99,139.9,126.8,3.0,57.7,10.0,High
7.0,124.1,59.3,112.9,27.5,1.72,Medium
7.33,104.6,7.7,71.1,82.4,7.72,Medium
4.88,107.1,60.3,67.0,0.5,2.23,Medium
8.57,69.3,101.1,1.1,56.5,0.81,Medium
6.09,138.1,67.6,122.9,33.9,8.75,High
5.92,104.2,112.3,54.0,32.3,8.59,High
6.59,109.3,53.5,81.1,64.5,4.04,High
4.23,129.3,95.2,101.6,85.1,7.02,High
4.83,41.1,28.0,105.4,60.9,5.57,Medium
7.69,121.1,112.4,143.4,85.3,8.53,High
4.41,29.3,81.9,79.7,26.5,3.15,Medium
7.02,51.8,30.6,60.0,52.0,5.24,Medium
5.23,50.3,43.8,143.1,45.1,4.85,Medium
5.95,146.8,112.3,96.3,1.2,3.54,High
5.44,128.5,72.4,44.7,55.7,8.91,High
5.78,105.2,32.4,19.0,66.2,1.66,Medium
7.6,109.1,145.1,126.4,59.2,1.5,High
5.49,84.3,107.3,54.3,73.6,5.77,High
6.83,142.1,143.6,99.1,57.1,6.57,High
6.38,74.4,64.1,70.6,6.7,1.95,Medium
7.32,57.1,71.3,29.8,11.6,3.91,Medium
8.68,24.5,134.7,90.3,59.6,9.47,Medium
7.66,117.9,78.8,9.1,27.5,2.47,Medium
5.07,110.2,106.1,62.0,8.0,6.68,Medium
4.16,57.7,37.8,82.0,43.0,7.4,Medium
5.31,3.8,67.0,65.4,55.4,4.48,Medium
6.98,125.8,18.5,112.3,32.9,9.38,High
4.26,1.7,30.9,124.2,72.0,7.37,Medium
6.48,105.6,0.1,115.7,64.4,4.58,High
6.98,145.5,5.9,5.8,33.3,5.69,Medium
5.67,65.6,146.6,29.1,75.5,6.93,Medium
7.85,35.2,36.4,80.5,64.9,5.92,Medium
4.53,105.7,99.5,140.2,63.7,8.79,High
4.38,122.6,125.9,125.2,55.3,3.57,High
7.64,82.0,82.6,126.4,1.1,3.0,High
6.48,145.1,23.0,45.5,69.7,2.14,High
7.44,7.8,109.2,64.4,37.6,0.38,Medium
6.17,75.7,90.0,70.6,94.3,0.43,High
5.23,107.8,109.7,23.6,81.8,8.7,Medium
8.1,129.4,115.5,4.7,58.8,6.78,Medium
8.0,26.9,146.3,142.0,25.2,6.61,Medium
7.47,120.0,86.0,36.1,20.4,6.15,Medium
5.36,82.9,51.2,36.0,34.0,8.49,Medium
6.95,59.5,97.3,12.5,47.7,4.8,High
5.8,19.8,10.3,139.3,29.6,8.7,Medium
4.46,129.8,134.6,87.0,51.5,3.59,High
8.59,23.6,17.9,100.1,16.5,9.27,Low
4.68,46.5,49.2,136.7,97.8,6.99,Medium
8.75,43.5,122.4,51.8,10.8,2.57,Medium
6.23,130.7,89.6,93.2,93.2,5.64,High
4.93,100.9,59.0,5.8,91.4,5.33,Medium
6.71,119.5,71.0,28.0,52.5,1.38,High
8.36,37.6,128.2,124.7,72.5,5.91,Medium
7.66,93.7,51.0,115.0,43.6,3.15,High
8.03,85.8,130.4,52.6,63.0,0.52,Medium
7.29,124.9,13.2,56.5,34.1,9.49,Medium
7.46,135.9,116.5,80.0,30.1,6.41,High
8.25,1.8,127.1,0.0,57.8,8.77,Medium
5.25,101.1,27.3,36.2,49.8,6.76,Medium
6.45,7.8,64.6,31.2,58.0,3.57,Medium
5.11,82.3,24.8,37.6,28.7,5.13,Low
8.94,43.1,106.0,120.9,36.7,6.76,High
8.72,46.0,80.3,42.0,8.4,9.6,Medium
4.2,52.9,95.3,28.7,5.2,2.54,Medium
7.53,93.2,29.5,75.6,25.3,8.75,Medium
8.63,50.1,31.8,129.8,7.4,9.24,Medium
4.9,109.9,6.2,36.2,10.4,6.7,Low
6.84,60.7,48.3,11.8,81.3,9.31,Medium
8.58,10.3,84.0,53.5,3.9,3.98,Medium
4.17,117.6,128.7,112.1,65.9,9.53,High
7.49,42.9,100.0,82.6,27.3,7.03,High
5.49,64.9,65.3,122.5,87.2,0.42,Medium
8.62,102.8,143.0,143.9,48.5,9.07,High
8.86,49.9,107.9,118.9,30.6,4.84,High
8.72,8.5,139.5,90.6,51.8,4.6,Medium
6.37,56.1,79.1,74.0,38.2,5.66,High
8.31,141.7,38.8,6.0,56.4,1.49,Medium
8.22,96.3,7.9,147.6,11.5,4.69,Medium
5.6,100.7,108.9,57.5,99.7,8.31,High
8.14,94.8,18.2,22.8,42.6,0.15,Low
4.19,29.8,45.4,100.0,34.8,2.73,Medium
6.98,62.8,79.9,42.6,71.0,0.02,High
5.15,112.6,84.7,87.9,36.4,4.16,High
4.6,15.2,90.1,88.0,83.3,7.28,Medium
4.38,41.7,24.9,66.9,45.4,7.99,Medium
7.48,41.4,57.0,125.4,72.0,9.45,High
5.7,64.8,92.6,39.7,10.7,6.09,Medium
7.62,147.1,145.5,67.3,84.6,2.55,High
4.33,10.1,109.1,80.7,73.6,9.24,Medium
5.58,77.8,138.4,99.5,21.2,7.75,High
6.7,26.9,114.3,117.6,14.5,5.74,High
7.95,145.6,88.8,59.2,31.6,6.96,High
5.59,17.0,28.8,96.9,97.6,9.24,Medium
7.13,60.5,100.0,22.6,25.7,7.12,Medium
8.43,110.7,93.5,139.9,45.6,3.68,High
7.08,105.7,90.4,57.5,3.0,7.13,High
5.16,63.4,73.5,109.4,39.7,0.4,Medium
4.12,52.0,79.3,3.1,57.1,3.86,Medium
8.35,59.6,50.2,30.8,95.3,4.06,Medium
4.11,39.6,77.9,73.1,51.7,1.67,Medium
8.37,30.8,29.6,131.7,81.9,0.23,Low
6.64,72.5,120.8,79.1,54.7,1.33,High
8.7,40.3,27.9,139.5,4.1,6.55,Medium
7.99,43.1,12.7,72.6,31.5,8.02,Medium
8.99,98.5,65.4,73.6,57.6,9.88,High
5.75,145.3,98.7,18.0,95.1,3.46,High
7.84,90.5,65.7,120.4,85.9,5.99,High
6.01,11.5,41.5,37.0,22.8,9.37,Medium
6.4,11.3,83.7,134.9,22.0,1.67,Medium
7.14,142.7,52.1,136.6,20.1,7.18,High
8.37,44.6,139.9,141.5,92.2,7.55,High
8.92,13.8,138.4,78.0,85.3,0.89,Medium
7.84,89.9,75.4,101.6,77.5,8.61,High
6.09,93.5,49.2,116.8,39.3,8.13,High
6.11,97.3,110.6,19.7,50.4,0.33,High
7.69,40.1,5.5,90.1,46.4,0.91,Medium
5.19,2.3,71.2,5.1,25.3,0.49,Low
4.55,144.8,50.4,74.6,50.5,3.35,Medium
5.77,37.6,138.1,23.2,3.0,5.09,Medium
5.44,101.4,1.8,27.4,13.2,5.32,Low
5.48,106.0,82.9,54.8,88.7,2.68,High
5.17,91.5,111.1,64.9,75.2,9.12,High
4.21,46.9,72.8,93.5,42.3,3.68,High
4.09,40.7,12.8,11.2,51.7,0.46,Low
8.94,89.7,145.9,75.6,37.0,3.0,High
6.14,129.9,77.7,27.4,74.1,5.31,High
5.92,142.0,92.1,86.1,78.4,4.08,High
7.4,15.9,35.5,95.6,76.3,2.74,Medium
5.09,23.2,72.5,83.5,72.3,1.31,Medium
8.75,141.7,64.4,110.7,20.5,8.19,High
7.93,110.5,11.2,50.3,33.8,9.96,Medium
4.45,132.4,15.9,114.8,47.0,3.3,Medium
6.09,30.4,125.6,64.9,33.1,3.82,High
8.4,88.1,36.0,72.6,75.5,6.18,Medium
8.72,105.2,29.2,97.2,32.9,7.18,Medium
6.34,102.0,75.7,2.8,13.8,3.92,High
7.07,61.2,115.3,98.1,39.9,9.05,High
4.84,2.3,9.3,92.8,98.0,5.6,Medium
8.96,87.4,86.5,46.5,22.6,4.5,Medium
5.16,38.0,17.9,12.9,61.2,6.47,Low
8.71,67.5,5.5,13.6,43.3,9.53,Low
7.25,143.6,7.9,138.5,7.1,7.95,Medium
7.04,59.9,125.1,103.4,48.8,0.4,High
6.56,126.0,17.7,19.1,70.2,3.32,Medium
5.15,28.3,6.8,53.5,51.3,4.71,Low
4.88,100.9,65.7,88.9,87.2,3.15,High
5.1,146.6,126.6,125.3,28.9,7.0,High
4.93,15.3,39.4,6.5,8.6,8.26,Low
7.9,1.2,63.3,35.5,93.7,7.31,Medium
5.75,65.0,6.0,133.5,37.8,9.89,Medium
4.29,13.9,67.4,1.4,57.6,2.73,Medium
8.85,112.3,86.6,30.2,79.2,8.75,Medium
8.42,137.2,85.6,143.9,32.4,7.67,High
8.64,65.1,49.9,92.0,71.6,3.62,Medium
8.97,38.8,47.3,39.3,13.5,7.34,Low
4.87,65.2,16.0,10.0,29.1,1.04,Low
5.98,108.5,55.0,4.2,14.5,7.89,Medium
7.79,1.4,14.9,36.7,81.1,5.32,Low
7.48,88.4,115.0,132.2,22.3,2.92,High
4.77,92.0,144.9,62.4,71.7,6.56,High
8.08,95.7,145.5,108.1,94.3,6.42,High
5.12,36.3,129.8,137.7,52.8,2.09,Medium
5.12,107.1,90.1,61.2,54.0,0.3,Medium
6.68,13.7,105.1,28.7,46.1,4.34,Medium
6.96,29.9,42.8,77.6,32.6,5.7,Medium
6.9,131.6,94.6,136.2,47.6,8.77,High
4.46,110.8,68.3,120.7,60.3,9.28,High
8.39,2.1,72.3,9.9,98.6,5.29,Medium
5.33,37.3,113.7,103.9,93.8,7.54,Medium
4.65,32.2,42.3,85.8,86.2,4.39,Medium
8.44,40.6,47.7,136.1,88.9,7.46,Medium
8.78,37.1,138.7,18.4,46.8,2.05,Medium
8.31,9.4,8.4,80.1,65.7,3.71,Medium
8.05,68.8,72.8,131.9,89.5,6.34,High
7.28,109.9,136.9,61.5,39.3,0.18,High
6.75,91.0,91.6,72.3,96.2,7.22,High
4.43,100.9,82.0,10.6,41.6,8.36,Medium
6.04,12.2,37.5,41.7,60.1,3.99,Medium
5.86,142.7,51.5,48.7,71.0,4.48,High
5.3,125.8,127.8,141.8,95.1,8.51,High
7.62,120.8,83.9,42.4,24.5,7.76,Medium
6.48,123.4,77.2,69.1,74.6,2.88,High
4.41,139.9,14.9,100.7,52.1,3.24,Medium
5.1,81.6,2.4,24.3,26.9,6.79,Low
7.42,30.0,144.6,73.0,77.7,5.63,Medium
4.38,92.5,56.5,110.8,55.2,1.62,Medium
8.26,111.4,90.5,130.0,66.1,3.1,High
6.48,110.7,12.0,93.9,32.3,9.0,High
6.4,78.2,102.5,100.4,48.1,6.88,High
6.96,10.3,139.9,18.9,61.7,9.86,Medium
8.12,55.7,86.3,141.9,40.5,7.67,High
5.74,138.1,18.9,19.9,19.8,9.42,Medium
7.39,87.7,87.3,116.2,96.2,2.16,High
6.83,80.7,115.0,39.7,51.1,7.71,High
5.34,40.3,61.0,140.0,73.4,0.2,Medium
8.39,55.3,132.0,108.0,41.1,6.71,High
7.99,134.3,97.3,113.1,35.5,4.69,High
7.29,100.0,134.9,32.9,40.7,3.47,High
8.25,118.1,93.5,66.5,40.9,8.62,High
8.34,68.2,19.7,92.7,54.4,8.54,Medium
7.54,94.5,46.5,115.5,54.3,0.22,Medium
8.19,37.3,30.3,15.6,49.7,6.1,Low
7.49,105.8,136.3,144.4,13.5,3.68,High
7.4,64.1,114.1,133.5,49.6,4.16,High
7.09,66.4,101.5,40.6,16.9,8.32,Medium
7.76,97.4,45.1,123.4,12.6,3.1,Medium
4.79,140.4,27.6,77.7,93.3,9.43,Medium
8.4,9.6,113.5,69.3,60.5,1.8,Medium
8.36,123.7,71.1,47.2,65.9,6.63,High
4.15,43.9,33.9,87.1,40.2,6.72,Medium
8.13,66.6,92.5,109.5,90.9,2.52,High
4.64,3.3,6.1,61.6,63.8,3.25,Low
5.68,45.2,48.9,94.4,76.9,8.35,High
7.72,75.4,70.3,104.9,36.9,7.62,High
4.8,8.4,22.2,106.7,96.0,3.29,Medium
8.09,73.7,147.7,7.8,82.0,5.34,Medium
8.16,139.1,31.4,129.0,85.4,0.62,Medium
6.54,15.8,19.6,68.7,17.2,2.09,Medium
4.03,114.7,30.5,39.4,27.1,4.86,Medium
5.44,61.5,115.4,36.3,28.6,0.86,Low
7.08,98.3,63.8,72.5,27.1,8.43,High
8.91,39.0,84.8,133.0,85.5,7.18,Medium
7.16,23.9,3.2,56.8,3.2,9.44,Low
5.3,24.1,5.2,112.5,7.6,6.93,Low
7.17,10.6,66.9,14.5,27.4,9.4,Medium
6.7,27.8,122.5,71.4,20.0,5.55,Medium
7.9,99.6,132.8,148.8,23.2,6.0,High
4.53,132.3,13.0,115.6,79.8,9.77,Medium
7.81,122.1,80.8,31.6,56.3,6.42,Medium
6.71,102.8,137.0,75.2,0.6,0.31,High
8.81,16.6,58.2,35.0,42.9,7.24,Low
5.71,43.4,124.4,61.4,40.8,9.05,High
7.16,46.5,20.1,117.0,11.4,7.96,Medium
8.66,37.5,140.3,115.7,67.6,5.84,Medium
4.51,77.3,112.7,34.2,70.2,6.71,Medium
8.69,80.3,141.2,138.3,72.1,9.9,High
7.44,53.5,101.5,88.9,72.8,0.91,High
4.34,53.1,54.5,57.0,0.0,6.67,Medium
5.5,124.3,140.7,75.3,95.4,2.83,High
7.54,118.4,41.3,90.8,81.4,6.4,High
4.34,46.2,49.8,84.0,90.4,6.08,Medium
6.91,137.1,105.1,73.0,1.6,1.53,High
5.73,142.9,114.8,75.7,93.4,2.07,High
7.1,49.0,139.4,26.5,81.0,6.22,Medium
4.23,53.2,30.7,121.9,83.7,1.28,Medium
8.36,75.8,119.7,81.3,9.3,2.65,Medium
8.87,141.2,110.8,19.7,73.9,8.35,Medium
8.84,131.4,9.6,114.9,96.0,3.27,Medium
7.75,15.4,58.1,139.9,67.9,4.88,Medium
4.65,58.9,42.4,142.1,57.1,9.41,Medium
7.79,83.0,45.7,55.4,94.6,2.27,Medium
4.12,75.5,147.4,20.3,44.3,3.9,Medium
4.11,29.1,96.4,77.8,59.9,6.06,Medium
5.62,128.8,107.7,16.9,47.6,7.55,High
6.44,101.5,146.5,140.1,93.3,9.02,High
7.85,125.7,56.6,27.5,7.6,9.15,Medium
7.42,128.8,120.3,37.9,50.1,7.77,High
6.23,112.3,65.2,61.0,68.7,2.28,High
5.37,65.9,130.4,57.5,79.2,0.25,Medium
8.99,91.6,27.1,119.2,58.3,3.84,Medium
6.13,24.1,142.2,68.4,90.9,1.42,Medium
6.26,101.0,32.8,25.6,94.2,7.1,High
4.82,26.9,48.9,40.1,6.4,6.61,Low
7.97,104.1,113.4,76.4,40.2,0.44,Medium
7.47,34.4,59.1,22.1,2.3,8.37,Low
5.1,17.6,91.2,91.7,32.9,2.49,Medium
4.41,24.8,66.7,84.9,53.7,4.32,Medium
7.4,0.3,111.4,107.2,91.1,6.68,High
7.27,107.8,34.2,140.7,84.7,4.29,High
5.37,109.9,8.8,136.8,12.7,4.41,Medium
8.75,77.2,45.0,141.9,9.3,0.66,Medium
4.76,24.2,71.1,36.7,58.9,4.01,Medium
6.16,12.5,25.2,19.7,53.2,7.65,Medium
8.72,2.9,53.2,45.3,26.6,9.15,Low
6.1,24.9,60.0,134.3,89.9,4.13,High
7.19,133.6,8.6,145.8,92.7,4.24,High
5.99,36.2,87.5,128.9,40.3,7.03,High
5.37,53.1,132.7,16.5,89.0,9.43,Medium
8.92,15.8,22.8,142.1,38.4,2.67,Medium
6.05,33.4,89.7,63.5,73.7,4.4,High
8.47,77.9,99.7,1.4,47.6,7.96,Medium
5.15,91.2,62.9,66.4,12.3,6.1,Medium
5.07,36.8,105.2,6.9,92.8,1.11,Low
4.16,8.7,61.6,81.6,45.4,6.28,Medium
7.26,58.7,75.7,50.8,73.4,1.87,Medium
5.84,35.1,1.1,71.0,36.7,5.1,Medium
8.32,32.9,103.8,92.0,1.9,5.29,Medium
6.37,144.0,99.2,130.3,10.1,8.76,High
8.84,92.4,5.8,99.3,49.6,4.62,Medium
4.93,83.5,55.2,65.1,69.0,2.79,Medium
8.34,62.4,146.9,122.9,33.5,2.31,High
7.88,64.3,63.1,135.8,69.5,8.74,High
7.85,81.1,75.3,18.0,69.9,1.71,Medium
8.22,104.5,136.5,79.8,70.4,4.26,High
7.81,105.3,107.6,42.7,49.3,1.87,Medium
7.13,25.8,87.3,7.1,91.5,7.73,Medium
4.66,75.0,119.7,100.3,48.9,4.74,High
4.16,61.8,129.7,129.4,45.0,3.51,High
8.6,130.6,68.5,24.4,19.9,3.61,Medium
7.08,94.7,71.3,121.9,30.8,8.52,High
7.98,79.9,57.9,128.0,4.2,5.54,Medium
6.41,17.3,145.0,137.2,63.4,7.18,High
4.59,90.8,104.6,39.8,24.9,8.97,Medium
4.63,17.6,12.5,135.6,30.4,9.02,Medium
7.43,50.6,129.4,48.1,77.1,3.29,High
6.15,21.4,72.1,82.9,32.7,9.52,High
5.0,103.8,10.3,7.6,24.2,0.25,Low
6.46,30.9,82.5,6.6,16.9,3.77,Medium
4.32,58.8,62.6,108.1,77.5,8.96,High
6.91,134.4,131.7,66.7,13.0,2.75,High
5.34,30.6,30.6,38.4,45.4,2.73,Low
7.99,76.2,124.0,28.6,50.7,3.03,Medium
5.55,62.9,83.7,100.5,68.7,6.12,High
6.28,2.7,8.2,0.1,63.3,4.38,Medium
4.06,118.9,145.8,120.9,81.1,7.27,High
4.36,10.4,76.9,11.9,4.5,8.95,Low
5.96,71.1,43.6,28.7,29.6,6.74,Medium
6.4,84.1,70.4,57.9,28.0,2.04,High
7.0,94.3,128.7,72.7,14.6,9.33,High
5.46,103.3,45.7,53.2,28.9,2.64,Medium
7.47,38.0,28.9,48.1,31.0,1.5,Low
8.3,1.5,19.4,144.6,52.2,0.9,Low
7.9,108.5,44.7,96.2,66.4,5.63,High
4.2,80.3,117.0,3.5,38.1,1.14,Medium
6.4,125.4,70.7,64.5,71.9,1.39,High
4.52,123.2,34.1,131.3,33.6,3.0,High
5.21,126.5,24.9,45.2,29.0,2.82,Medium
8.93,72.8,49.9,14.2,54.1,6.04,Medium
4.71,50.0,141.0,113.8,2.4,8.17,Medium
6.49,118.7,51.5,90.9,8.0,7.61,High
7.09,67.7,148.2,85.5,41.8,2.62,High
7.51,27.5,72.8,8.0,94.3,2.45,Medium
6.8,128.2,26.9,21.1,72.2,9.66,Medium
4.05,132.4,133.7,93.4,8.8,0.08,Medium
5.63,69.9,69.1,31.2,84.6,8.8,Medium
6.59,11.4,106.5,75.6,73.2,2.0,Medium
4.44,58.2,147.6,81.7,61.1,9.47,High
5.75,120.5,7.5,42.5,82.0,3.42,Medium
4.17,135.3,14.5,142.3,40.4,4.4,Medium
4.39,30.5,108.1,126.4,22.2,7.07,Medium
5.98,10.0,42.3,108.4,51.2,5.88,Medium
4.66,131.6,27.6,11.7,54.9,3.18,Medium
6.84,58.4,5.9,15.9,53.8,5.54,Medium
7.45,81.3,3.3,73.9,56.5,7.31,Medium
8.0,145.2,116.2,24.1,94.9,0.42,Medium
5.0,10.0,20.2,146.7,90.2,0.11,Low
4.84,97.2,70.2,23.8,87.6,4.58,Medium
4.52,11.1,90.9,73.1,80.1,1.32,Medium
7.18,56.3,64.3,54.6,94.3,6.64,High
7.53,120.6,4.1,95.9,9.8,2.14,Medium
4.16,65.0,117.5,19.4,26.5,4.33,Medium
8.68,149.6,1.6,64.5,49.5,1.98,Medium
4.26,83.9,114.3,41.2,84.7,5.48,High
6.71,48.2,134.0,133.2,50.5,1.16,High
7.55,33.0,64.9,6.1,74.8,0.23,Low
8.35,52.6,80.3,137.1,13.9,0.51,Medium
7.57,55.9,71.5,124.9,25.2,9.54,Medium
8.01,10.3,58.4,44.6,73.2,1.42,Low
5.7,55.4,133.1,118.4,16.5,7.08,High
8.07,69.6,134.1,4.7,35.1,0.68,Medium
4.4,108.4,50.4,145.0,26.5,1.08,Medium
8.47,98.5,92.3,79.0,35.0,5.09,High
6.74,106.3,139.0,45.5,70.8,4.65,High
8.09,1.3,144.3,54.4,36.8,9.52,Medium
6.26,32.7,76.3,10.0,55.5,9.45,Medium
7.22,99.3,67.9,148.4,10.0,7.8,High
6.63,72.6,41.8,5.9,80.5,6.02,Medium
7.66,0.8,143.8,98.2,37.0,4.55,Medium
4.41,120.7,21.4,66.4,64.9,3.56,Medium
4.3,115.9,87.0,142.3,72.5,9.47,High
5.24,82.3,42.4,36.9,21.0,6.03,Medium
4.8,10.0,41.9,79.8,88.5,5.79,Medium
8.36,115.0,60.7,72.4,61.6,2.32,High
5.1,87.6,149.8,105.4,42.9,0.47,High
8.88,117.3,8.2,10.2,18.2,9.45,Low
5.68,112.8,86.8,29.1,94.2,3.14,High
4.91,120.5,12.4,32.2,75.5,4.43,Medium
7.95,77.7,23.2,110.7,20.8,1.15,Low
7.29,21.0,65.9,28.4,33.8,8.37,Medium
6.49,100.7,76.6,86.0,81.0,0.28,High
6.78,93.1,38.8,32.3,69.6,8.34,High
7.6,111.3,47.5,129.2,76.6,1.4,Medium
5.14,25.5,13.0,141.3,44.1,8.87,Medium
8.98,29.2,45.5,77.8,71.6,7.3,Medium
8.87,133.6,145.0,52.8,38.6,1.65,Medium
7.25,112.5,141.7,35.1,21.1,5.66,Medium
5.0,136.2,50.2,7.5,63.3,3.13,Medium
7.4,113.8,85.6,40.3,97.6,1.78,High
4.36,89.6,136.4,98.1,31.1,8.59,High
4.15,98.1,0.9,80.0,46.1,4.04,Medium
5.29,133.4,121.6,141.6,67.4,3.99,High
6.31,86.8,142.3,59.4,54.2,1.7,High
8.34,94.9,13.7,104.1,84.3,3.83,Medium
7.64,23.5,24.2,73.4,76.2,8.72,Low
7.71,71.1,144.1,76.9,5.8,3.63,Medium
6.13,107.5,80.6,40.2,99.8,9.52,High
5.73,40.6,2.1,68.2,75.2,9.46,Medium
5.86,30.3,38.6,70.6,86.4,1.45,Medium
8.94,47.1,67.5,106.0,65.1,1.77,Medium
4.2,36.2,103.9,141.1,85.6,8.63,Medium
8.34,32.2,110.0,49.4,11.2,3.93,Medium
6.89,63.7,149.3,6.3,34.8,0.04,Medium
6.19,136.2,43.1,74.4,87.6,2.74,High
7.63,76.1,80.7,81.7,20.2,5.98,Medium
6.43,28.2,80.0,25.3,7.8,7.99,Medium
8.37,11.5,60.8,114.1,78.8,1.33,Medium
8.5,104.4,25.4,147.7,83.5,1.11,Medium
6.11,57.4,146.6,141.9,16.3,9.22,High
5.38,123.3,128.0,29.6,85.4,7.51,Medium
6.96,98.9,74.7,131.3,68.7,5.9,High
8.56,119.4,90.5,105.7,52.0,7.69,High
5.05,40.8,34.1,68.1,83.0,4.29,Medium
7.11,103.9,81.6,81.1,41.9,7.58,High
7.16,39.6,104.2,127.4,19.4,3.72,Medium
7.67,140.9,77.3,72.0,28.5,2.44,Medium
4.66,95.5,148.5,56.0,50.5,7.29,High
7.58,48.7,91.7,74.0,53.1,4.2,Medium
8.55,40.4,55.6,86.9,80.6,9.81,Medium
4.9,28.6,115.8,28.4,79.1,3.49,Medium
5.19,104.2,25.6,135.1,58.1,9.22,Medium
8.86,32.8,57.7,101.1,78.1,9.33,Medium
4.9,89.3,52.0,95.0,19.2,2.42,Medium
8.27,39.7,64.8,14.9,5.0,7.98,Low
6.46,99.3,117.3,90.6,87.4,4.33,High
5.24,122.2,72.6,18.1,7.6,9.18,Medium
8.35,116.7,119.1,11.8,24.7,4.5,Medium
6.23,114.1,86.5,79.1,69.5,7.44,High
6.57,28.2,51.3,60.4,40.9,4.67,Medium
5.8,13.3,121.5,88.3,87.6,2.28,High
6.96,104.8,35.7,13.4,29.8,1.99,Medium
4.82,55.3,33.7,64.6,1.2,4.25,Medium
5.96,64.9,75.7,26.2,30.1,7.55,Medium
8.85,4.7,39.1,148.1,57.8,6.05,Medium
5.29,38.9,1.4,84.2,37.6,6.89,Medium
7.28,5.1,97.2,103.1,53.5,2.82,High
5.63,131.9,76.7,48.8,87.7,4.81,High
7.87,36.5,66.8,14.2,91.2,0.44,Low
4.65,83.6,145.0,146.4,26.6,8.18,High
8.85,5.8,85.7,42.9,46.2,9.9,Medium
6.27,100.0,129.5,63.6,54.9,4.07,High
5.18,48.5,20.9,97.5,94.9,0.11,Medium
4.37,134.7,85.4,3.7,99.9,1.7,Medium
4.85,133.2,130.2,121.5,23.5,6.53,High
6.6,48.8,87.5,80.5,72.7,6.12,High
5.69,135.1,107.7,41.7,37.8,7.88,High
8.14,149.4,55.8,9.2,0.8,2.54,Medium
6.15,123.8,13.9,24.4,0.9,7.64,Medium
5.24,126.7,68.7,134.3,46.1,6.88,High
7.09,37.4,59.2,102.9,48.8,3.23,Medium
7.53,86.5,130.1,37.5,2.3,5.45,Medium
4.84,10.1,36.6,9.8,68.7,1.47,Low
4.84,14.2,145.0,103.6,29.4,4.53,Medium
4.18,149.8,143.7,85.9,56.0,8.81,High
7.68,49.0,37.1,60.7,30.1,4.21,Medium
7.32,112.2,52.2,54.5,16.7,8.4,Medium
6.37,121.0,134.3,32.5,40.7,5.9,High
8.22,128.7,145.0,100.4,23.2,1.92,Medium
8.03,149.6,66.5,145.6,53.5,5.81,High
6.93,36.2,48.1,26.4,19.9,5.06,Medium
8.34,6.1,78.9,89.6,50.8,3.99,Medium
5.03,61.7,103.2,63.6,15.7,1.2,Medium
4.56,19.5,41.0,67.0,67.1,4.17,Medium
5.35,3.4,110.5,38.1,75.4,0.73,Low
4.29,54.1,7.7,123.8,11.0,0.99,Low
6.66,117.6,7.4,72.8,46.8,4.16,High
8.68,84.9,57.9,81.5,7.1,3.05,Medium
4.2,46.9,53.0,45.7,59.8,9.26,Medium
4.61,98.2,47.3,27.3,26.4,3.76,Medium
6.26,34.8,73.7,12.9,52.8,7.58,Medium
8.67,2.2,48.1,107.1,51.7,5.3,Medium
5.58,114.7,28.8,29.4,92.4,7.04,Medium
6.54,93.6,46.4,103.5,54.9,2.6,High
4.21,114.3,146.2,58.6,58.3,9.42,High
4.74,5.8,61.7,62.4,40.2,5.3,Medium
8.93,125.6,66.7,70.4,94.9,8.31,High
8.83,92.9,86.5,55.2,77.7,3.65,High
4.02,84.5,147.5,15.1,28.5,1.0,Medium
8.76,93.7,36.2,46.4,84.4,6.74,Medium
7.2,129.7,102.2,99.6,43.2,0.08,High
8.34,88.0,107.4,99.9,82.9,4.75,High
6.27,87.1,91.1,42.9,82.3,1.93,High
6.58,148.6,13.3,69.0,18.9,6.27,Medium
6.44,113.5,101.5,29.0,70.1,9.79,High
7.33,66.3,9.6,31.6,29.1,4.64,Low
4.7,106.1,89.4,3.5,29.7,8.17,Medium
4.15,58.4,110.9,134.5,29.6,5.08,Medium
5.54,34.3,31.6,31.6,72.6,4.96,Medium
7.52,89.5,126.2,34.1,23.0,9.3,Medium
5.01,139.2,4.6,41.9,0.1,8.9,Medium
7.37,139.4,126.6,19.1,71.5,7.86,High
8.85,51.3,69.0,95.9,17.1,2.96,Medium
4.47,79.2,32.6,11.3,10.4,5.45,Low
7.36,31.7,20.1,20.1,23.8,2.24,Low
6.22,149.3,143.0,96.7,38.0,4.44,High
8.34,147.2,10.9,50.9,47.6,4.84,Medium
4.89,97.4,29.9,106.2,4.5,8.32,Medium
7.46,120.7,52.2,83.6,97.1,8.96,High
8.19,107.3,93.0,38.4,71.6,4.15,Medium
8.72,89.0,81.7,97.6,32.3,0.18,High
7.42,8.0,18.8,17.4,31.9,8.62,Low
6.49,68.2,43.5,80.5,44.9,1.74,High
7.09,101.2,35.8,65.6,62.6,6.22,High
8.34,101.6,32.0,40.2,14.6,0.25,Medium
6.85,56.0,61.7,90.6,18.9,4.0,High
4.15,141.3,105.6,130.7,85.9,9.86,High
8.65,25.1,32.6,149.8,25.6,1.01,Low
7.45,75.1,55.0,91.2,38.0,4.24,High
7.38,103.6,58.6,60.7,87.1,3.07,High
5.08,104.6,146.5,33.8,66.3,9.05,Medium
7.29,97.3,143.2,38.6,34.2,8.69,High
5.97,41.3,120.0,71.9,68.4,2.38,High
7.26,23.4,36.2,55.1,2.0,0.81,Low
4.53,95.4,10.2,137.1,73.6,6.27,Medium
7.29,89.9,47.5,55.2,48.7,3.36,High
9.0,26.9,40.0,56.0,81.3,6.72,Medium
4.24,105.8,75.9,57.5,95.5,0.32,Medium
8.89,68.3,116.7,125.5,92.6,1.33,Medium
6.03,100.2,128.7,97.6,90.9,6.86,High
8.35,125.6,126.7,92.1,51.2,2.12,High
7.91,25.5,54.0,50.1,36.0,8.58,Medium
6.84,2.9,103.1,122.7,46.5,0.59,High
7.69,116.9,46.9,5.8,69.0,2.15,Medium
8.39,91.5,9.1,130.6,88.4,9.99,Medium
6.02,104.9,105.2,76.9,20.7,4.33,High
5.64,125.7,1.5,59.7,91.8,7.03,Medium
7.34,120.4,61.4,74.6,81.5,1.83,High
8.04,144.1,49.4,100.1,97.9,6.1,High
7.81,80.4,104.0,1.9,88.0,7.26,Medium
7.99,73.3,114.9,130.7,28.0,3.14,Medium
6.18,60.3,45.6,67.0,10.6,8.29,Medium
8.09,23.1,121.7,51.4,11.2,6.03,Medium
4.6,85.9,44.1,20.7,29.1,3.89,Medium
6.72,41.6,66.9,65.9,61.4,5.58,High
4.03,138.2,109.1,74.4,80.4,5.77,High
5.62,87.5,103.9,60.5,89.9,1.66,High
5.83,88.9,148.1,101.8,62.4,4.03,High
5.98,53.2,33.8,63.1,0.6,3.43,Medium
7.48,7.8,99.3,144.2,18.6,4.01,Medium
5.94,4.8,91.5,89.9,10.0,7.61,Medium
6.24,63.5,137.3,121.1,36.3,4.83,High
5.19,12.7,23.5,16.4,50.1,9.4,Low
5.87,91.0,112.8,59.6,4.3,2.94,High
5.14,132.1,85.2,50.5,34.8,4.16,High
4.37,132.4,41.2,85.4,17.9,7.87,Medium
7.02,98.9,71.2,129.2,64.7,5.46,High
7.34,31.7,50.1,11.8,46.4,5.47,Medium
7.1,129.4,86.9,10.9,49.5,0.53,Medium
6.32,132.9,133.4,127.5,42.8,3.99,High
5.9,29.5,85.4,31.9,95.6,2.71,Medium
8.32,110.6,94.8,100.3,21.5,9.99,High
6.6,43.0,77.8,81.4,51.7,3.08,High
6.4,120.4,7.7,124.9,73.6,8.84,High
4.13,149.6,34.9,18.8,55.7,6.76,Medium
5.71,4.5,73.8,19.5,92.9,3.41,Medium
5.9,134.6,46.5,83.5,37.8,5.44,High
5.99,93.4,27.3,142.0,46.4,8.41,High
6.9,146.0,75.6,62.2,8.9,8.83,High
6.67,69.8,48.4,49.0,60.9,1.6,Medium
7.04,127.1,38.7,91.0,28.8,3.4,High
7.82,9.4,69.6,139.6,16.0,3.35,Medium
8.06,50.3,20.0,125.5,54.5,0.42,Medium
7.59,10.1,139.2,149.3,53.2,5.98,Medium
8.78,146.3,130.2,3.4,7.6,8.55,Medium
4.09,122.5,106.1,16.9,69.8,3.82,Medium
4.98,127.9,15.9,91.4,62.4,7.4,Medium
4.04,140.7,116.4,123.1,18.9,6.28,High
7.24,12.8,121.2,42.8,46.9,3.76,Medium
8.49,57.8,115.2,35.9,72.0,1.41,Medium
5.22,10.7,17.1,118.0,52.9,7.09,Medium
8.64,31.6,96.6,8.5,39.5,8.55,Medium
4.3,34.4,125.1,55.4,32.2,6.86,Medium
8.67,70.4,86.6,75.9,61.0,0.18,Medium
5.76,40.3,97.0,84.1,93.9,2.16,High
4.51,15.1,68.8,109.3,67.2,0.69,Medium
6.43,25.1,79.3,53.2,7.5,5.7,Medium
5.28,22.1,5.2,91.9,46.1,7.56,Medium
5.42,146.0,95.8,87.8,89.1,1.11,High
5.54,113.9,12.2,82.1,9.4,8.38,Medium
8.02,145.2,65.3,96.1,98.9,5.56,High
6.7,66.0,43.9,38.9,94.9,6.9,Medium
5.56,41.8,81.8,12.7,7.8,9.71,Medium
7.05,119.7,20.0,17.9,93.3,0.84,Medium
7.58,48.9,103.7,33.7,36.3,9.01,Medium
5.36,44.9,119.3,75.0,84.5,1.26,Medium
6.07,34.9,24.5,126.1,41.8,3.93,Medium
4.61,19.5,15.6,105.2,44.1,8.51,Medium
4.91,38.5,21.8,118.4,63.4,9.06,Medium
7.41,53.3,131.6,52.6,77.4,5.06,High
4.91,101.1,79.2,60.7,3.4,5.94,Medium
6.63,9.4,70.1,59.1,59.3,7.08,High
7.55,31.6,16.0,28.8,18.7,8.33,Low
4.53,121.4,97.4,9.2,34.6,1.22,Medium
6.84,22.0,130.2,88.6,34.8,8.1,High
5.28,51.4,124.2,148.4,46.9,4.81,High
8.81,129.7,93.9,25.0,33.4,4.51,Medium
6.42,23.2,11.3,7.0,10.7,4.24,Low
8.03,12.4,16.9,116.9,14.6,5.09,Low
6.75,72.7,7.4,37.9,3.3,9.45,Medium
4.22,45.4,38.6,124.4,47.0,5.48,Medium
7.17,84.5,20.3,105.6,95.4,9.53,High
8.76,120.6,39.0,141.9,11.6,1.8,Medium
7.01,20.6,57.8,61.3,94.6,7.24,Medium
8.1,87.1,141.4,99.3,73.3,8.12,High
8.42,75.8,91.6,69.7,63.7,6.79,Medium
5.14,21.6,125.2,94.6,64.5,6.07,Medium
5.06,93.6,106.6,67.4,82.7,5.65,High
7.05,41.0,16.9,28.3,10.7,8.61,Low
6.06,73.2,110.4,76.2,50.5,8.22,High
8.2,12.3,41.3,79.3,69.7,1.22,Low
8.5,68.9,95.9,121.6,58.7,8.49,High
5.77,46.0,51.1,110.3,83.3,4.14,High
5.18,123.4,149.7,99.6,7.2,2.54,High
7.9,8.5,39.5,17.0,69.1,8.7,Low
5.37,62.8,41.9,108.1,53.4,4.32,Medium
8.11,68.8,139.6,75.0,37.9,8.08,Medium
6.12,108.8,3.7,134.1,34.0,2.63,High
7.34,86.1,104.5,138.0,62.1,0.04,High
4.48,100.1,108.8,8.3,89.1,4.95,Medium
7.12,116.6,125.5,123.1,49.6,1.0,High
6.26,129.3,146.2,5.7,82.5,7.54,High
6.93,47.1,146.3,55.1,40.2,2.76,High
4.84,80.7,9.8,81.3,10.2,4.44,Medium
7.68,126.0,123.3,22.2,6.2,0.87,Medium
8.31,148.4,96.9,111.9,5.1,2.87,High
5.08,133.4,97.1,1.3,38.0,7.81,Medium
4.48,55.7,19.3,25.3,33.7,1.52,Low
4.12,29.3,97.5,87.1,71.8,6.47,Medium
7.21,73.4,147.4,107.2,74.3,9.17,High
7.04,111.2,136.8,137.5,5.1,6.8,High
6.73,73.9,65.9,105.8,22.1,8.11,High
5.16,72.5,6.0,100.8,27.4,1.09,Low
5.95,125.7,54.3,59.2,54.8,2.51,High
6.97,54.2,124.0,0.2,14.5,8.95,Medium
6.48,129.0,105.2,18.0,13.4,7.15,High
8.94,61.0,68.9,80.2,94.4,6.4,High
4.68,49.2,8.3,101.3,80.4,6.64,Medium
7.48,68.1,64.0,62.6,18.1,4.14,Medium
6.02,114.4,70.4,109.6,40.7,0.45,High
6.14,18.9,139.3,78.3,35.6,7.84,High
7.59,29.5,96.2,11.1,79.1,6.79,Medium
7.46,142.7,46.7,28.8,51.0,4.73,Medium
8.96,26.3,78.8,126.0,12.8,9.0,Medium
4.64,85.2,9.9,108.7,73.9,3.36,Medium
4.52,86.9,145.9,134.2,39.7,2.94,High
7.62,73.4,54.0,17.6,26.3,8.73,Low
6.89,96.7,71.7,148.5,37.5,7.97,High
5.37,34.5,53.3,31.4,49.8,5.15,Low
4.4,82.9,102.4,1.8,34.3,1.31,Medium
4.43,55.8,99.3,149.6,24.2,2.15,Medium
8.47,99.3,107.3,42.2,39.9,6.56,High
4.96,21.2,40.2,100.2,1.9,3.85,Medium
5.62,85.6,47.4,26.5,77.2,8.36,Medium
5.13,27.8,18.8,87.0,17.1,9.5,Low
5.77,41.8,98.3,135.6,4.4,8.06,High
4.35,32.8,6.0,48.0,65.4,3.78,Low
6.6,27.4,89.7,100.5,77.4,7.89,High
4.34,123.9,130.5,28.2,81.4,3.51,Medium
8.0,42.9,133.6,93.7,49.4,1.67,Medium
5.17,139.1,67.4,50.5,20.5,0.33,Medium
6.7,145.5,68.9,31.7,73.7,3.86,High
8.4,85.7,11.5,47.0,70.0,9.04,Medium
7.25,21.5,100.6,26.8,24.6,2.39,Medium
6.66,56.2,123.2,135.3,90.3,2.07,High
5.62,119.7,36.7,59.6,10.4,9.7,Medium
5.67,55.1,63.2,36.8,98.3,0.25,Medium
7.35,13.1,125.8,67.3,86.0,7.86,Medium
8.97,83.5,131.6,48.1,68.8,3.21,High
7.31,126.8,36.5,111.7,93.9,0.37,High
6.79,119.4,82.6,145.7,72.2,9.18,High
7.65,26.3,28.9,65.7,19.0,1.4,Low
6.33,100.9,15.3,129.2,44.2,5.52,High
4.3,33.1,136.7,84.9,7.2,2.74,Medium
6.81,32.7,123.1,23.6,39.0,0.65,Medium
8.79,131.1,114.0,103.6,74.2,0.5,High
4.88,37.5,7.3,77.0,38.6,1.16,Low
7.45,39.5,126.6,97.6,33.0,0.71,Medium
5.0,0.1,65.7,133.5,59.5,7.61,Medium
6.68,130.6,51.4,66.1,87.2,4.86,High
4.48,118.9,82.0,135.2,4.8,3.43,High
6.25,94.1,13.7,112.6,38.5,4.18,High
7.78,112.5,113.5,73.3,15.8,9.29,Medium
5.74,22.8,87.4,90.5,69.5,9.11,High
7.32,68.7,28.0,48.8,10.6,7.16,Medium
7.98,52.7,28.2,147.5,66.5,8.85,Medium
8.64,14.1,27.6,100.1,28.6,3.2,Low
5.17,72.9,8.6,6.6,19.9,3.81,Low
6.0,138.1,88.2,49.0,93.6,6.14,High
4.76,6.0,126.1,93.5,1.9,6.24,Medium
8.96,43.7,2.6,8.4,43.8,4.82,Low
8.64,31.1,7.4,3.6,2.2,4.01,Low
6.7,35.7,85.9,67.5,48.4,9.86,High
8.21,136.3,122.9,49.9,50.1,8.21,High
6.6,70.2,49.0,65.7,32.2,4.35,High
7.12,69.9,52.4,39.4,13.2,7.27,Medium
4.45,114.1,89.5,24.7,37.6,2.7,Medium
7.78,23.2,41.1,103.4,67.2,1.0,Medium
4.64,73.1,4.0,77.2,78.2,3.52,Medium
8.13,64.5,110.3,30.0,53.1,4.03,Medium
7.91,89.5,93.8,47.9,59.0,0.17,Medium
7.54,149.9,87.1,88.8,20.1,8.15,High
4.18,115.4,111.3,10.8,28.7,3.59,Medium
5.52,59.7,101.3,22.1,16.2,5.8,Medium
5.32,124.1,30.9,11.0,24.9,0.74,Low
5.8,25.6,52.9,121.8,22.5,1.75,Medium
4.44,4.6,18.9,112.9,51.9,8.9,Medium
8.68,30.7,19.5,113.0,56.3,6.09,Medium
6.77,51.1,101.4,107.4,94.5,9.5,High
5.53,76.6,128.8,100.4,19.6,9.99,High
5.98,92.3,144.4,71.5,64.2,3.72,High
6.24,136.6,94.3,96.3,81.7,2.99,High
7.0,76.5,27.6,5.8,56.0,8.58,Medium
6.58,75.2,15.8,93.2,25.5,9.99,Medium
8.6,7.5,121.9,116.7,26.3,6.3,Medium
6.48,5.2,86.8,75.1,3.9,7.95,Medium
8.96,82.7,92.7,53.6,30.5,7.82,High
8.26,65.7,117.2,41.6,74.5,3.55,Medium
5.04,125.9,105.5,96.4,4.8,5.74,High
8.65,24.1,125.2,103.9,21.9,8.33,Medium
4.58,3.7,8.4,130.6,70.6,6.88,Medium
8.09,67.4,112.1,51.4,78.3,0.21,Medium
5.9,35.6,127.6,115.5,45.5,3.37,High
8.39,7.4,42.9,84.2,69.8,1.44,Medium
8.34,108.7,96.1,132.4,38.8,2.33,High
8.03,16.7,47.1,79.2,16.0,9.05,Low
7.95,91.2,143.7,77.6,39.8,0.37,Medium
5.52,42.2,5.0,86.7,58.0,2.2,Medium
4.4,26.0,87.0,112.4,94.8,3.1,Medium
6.01,57.0,25.0,144.7,6.9,6.17,Medium
4.87,120.2,106.8,11.0,50.7,5.34,Medium
7.47,58.8,26.4,8.0,32.9,2.18,Medium
5.73,112.6,35.3,140.6,50.8,1.64,High
8.88,18.8,74.2,79.5,2.4,2.37,Medium
7.2,115.9,137.2,92.2,31.3,5.03,High
8.11,35.5,31.8,72.4,82.0,2.71,Medium
4.66,101.6,21.6,14.0,55.4,9.48,Medium
8.31,84.9,113.8,115.2,45.1,4.64,High
8.61,139.4,75.1,112.1,28.6,0.59,Medium
6.44,58.1,136.8,46.8,29.8,7.29,High
7.03,9.9,22.0,45.9,38.3,3.29,Medium
7.82,2.9,96.9,125.7,83.6,6.53,Medium
4.87,124.0,34.9,10.9,96.7,2.8,Medium
6.51,78.7,23.5,132.2,43.9,5.71,High
5.99,116.3,102.5,38.5,39.3,7.72,High
4.73,35.2,89.1,88.9,84.7,9.28,Medium
5.84,51.8,113.2,140.4,42.7,2.61,High
4.34,4.5,46.4,101.7,55.2,3.35,Medium
4.13,144.2,67.2,62.2,23.1,4.64,Medium
4.68,100.2,60.8,103.4,74.4,9.27,High
8.82,140.0,147.6,51.6,53.2,9.01,High
6.75,39.8,43.8,41.6,80.9,0.9,Medium
8.83,91.7,44.2,149.5,78.1,1.32,Medium
6.16,101.8,53.2,112.6,21.5,4.96,High
5.56,47.6,84.7,96.7,71.6,1.07,High
6.53,127.2,37.8,53.3,80.0,3.46,High
6.2,142.1,137.3,7.4,34.6,1.48,High
4.53,132.7,39.9,4.7,17.3,6.36,Medium
7.2,110.9,134.4,83.1,0.3,9.49,High
5.08,41.6,15.5,114.3,45.1,9.97,Medium
7.1,42.2,98.5,80.6,35.2,3.75,High
7.25,144.5,136.0,126.1,55.5,5.99,High
4.76,1.5,25.3,5.0,18.8,8.56,Low
4.31,107.4,145.2,55.0,86.0,1.17,Medium
7.9,105.9,67.9,35.6,25.8,6.9,Medium
6.3,93.4,141.9,67.1,22.6,4.09,High
4.29,148.5,101.5,10.9,48.1,2.06,Medium
8.97,46.8,45.2,143.1,49.9,4.03,Medium
4.29,51.0,28.2,33.5,21.5,0.76,Low
7.48,11.8,45.6,138.3,27.2,6.95,Medium
8.92,66.4,14.0,63.9,17.0,2.53,Low
5.2,39.2,21.6,147.8,71.8,3.11,Medium
4.71,51.5,15.7,83.1,77.0,1.21,Medium
4.61,125.2,63.4,139.6,46.2,8.65,High
5.52,140.3,119.3,0.8,71.4,4.93,High
4.51,27.9,21.2,112.2,73.6,5.72,Medium
7.46,55.9,19.5,135.5,13.8,5.69,Medium
4.31,139.3,96.5,21.0,96.6,4.1,Medium
6.55,9.3,29.6,14.4,82.1,1.93,Low
8.98,13.9,14.6,63.7,20.4,7.45,Low
8.07,24.4,25.0,140.1,18.6,1.27,Low
7.08,89.3,138.6,81.4,12.6,1.04,High
5.53,22.6,123.2,79.1,13.8,7.1,Medium
7.12,145.2,53.1,21.2,74.8,2.09,Medium
6.64,67.0,98.4,0.1,47.0,3.07,High
6.13,75.2,80.6,121.5,78.3,4.75,High
4.65,37.0,101.6,13.1,74.6,4.49,Medium
8.43,70.6,102.4,95.1,60.5,7.09,High
6.25,99.3,94.3,137.2,68.6,6.23,High
4.97,112.7,39.9,31.3,1.8,6.44,Medium
5.84,113.1,5.9,99.8,31.2,7.14,High
6.07,86.7,68.3,11.8,63.8,2.93,High
8.14,135.7,133.6,90.6,0.9,3.22,High
7.67,122.6,85.4,24.6,3.3,4.38,Medium
7.85,113.6,124.9,110.4,85.2,3.07,High
4.06,8.3,148.7,45.2,68.4,9.85,Medium
6.08,1.0,24.5,69.5,26.5,8.14,Medium
6.41,31.9,103.8,89.9,68.8,1.65,High
4.1,99.5,101.1,25.7,79.2,0.06,Medium
5.3,61.7,147.0,111.2,30.7,0.43,Medium
7.8,60.4,147.8,45.4,3.6,2.44,Medium
4.69,132.7,103.0,99.4,93.3,1.14,High
6.68,134.3,36.5,23.7,34.5,5.33,High
5.08,136.4,119.8,103.2,10.6,8.58,High
4.06,47.1,16.1,19.2,49.2,7.37,Low
5.21,103.7,117.1,63.8,76.8,2.16,High
8.88,40.7,136.5,37.1,22.2,3.99,Medium
8.01,28.6,57.4,112.3,26.9,5.08,Medium
8.8,27.7,94.6,39.3,24.3,8.1,Low
6.44,51.3,64.5,132.3,99.2,8.39,High
4.55,64.5,65.7,133.8,19.7,9.1,Medium
6.74,124.6,46.6,29.5,57.6,5.09,High
6.27,18.0,114.3,92.1,92.5,6.94,High
8.22,110.2,140.4,13.2,14.7,1.12,Medium
4.49,79.7,141.1,58.7,97.1,5.65,Medium
6.44,43.2,26.2,107.0,94.7,2.49,High
4.75,73.9,131.2,98.9,88.5,4.32,High
5.62,45.0,110.6,93.7,21.5,6.34,High
7.69,89.4,37.9,42.4,63.4,2.57,Medium
6.38,65.1,10.1,56.7,76.1,0.52,Medium
5.88,24.7,40.2,15.4,98.6,0.1,Low
5.97,17.5,136.8,107.9,18.0,0.22,Medium
6.3,82.0,95.0,75.6,76.6,0.08,High
7.93,135.4,108.2,106.3,33.9,1.1,High
8.46,51.6,38.6,37.3,17.6,2.39,Low
8.78,110.0,107.9,48.7,42.1,2.21,High
7.93,98.8,4.2,50.1,79.4,9.87,Medium
5.58,139.7,56.3,3.9,46.5,3.06,Medium
7.44,123.1,94.0,51.2,53.8,1.27,High
6.19,85.0,21.9,120.5,99.5,5.46,High
5.27,98.6,123.5,134.6,39.9,8.58,High
8.2,134.8,35.3,77.7,61.5,6.78,Medium
4.19,59.9,97.8,68.3,36.5,2.96,Medium
8.51,49.0,60.8,4.6,39.3,5.62,Medium
6.31,1.6,89.4,131.9,69.6,7.15,High
7.19,124.0,16.1,2.0,93.8,7.28,Medium
7.3,120.1,2.5,141.7,54.2,6.67,High
8.48,15.7,136.4,73.4,76.8,8.71,Medium
7.18,86.5,40.4,51.3,8.9,8.7,Medium
7.07,69.6,123.0,138.6,21.1,5.79,High
4.33,17.8,149.9,3.7,50.2,4.3,Medium
6.59,147.1,31.7,87.2,2.0,6.42,High
4.75,32.2,39.8,82.3,25.3,8.18,Medium
7.69,10.1,99.4,32.9,51.7,0.06,Low
6.56,89.2,144.8,64.3,1.5,9.92,High
7.4,110.8,137.4,97.8,26.5,1.83,High
4.21,4.9,75.4,109.1,51.4,4.7,Medium
4.42,98.8,119.3,0.1,57.3,8.72,Medium
7.58,79.8,20.4,140.5,92.6,2.25,Medium
4.36,15.5,146.6,24.7,64.5,4.77,Medium
4.36,25.9,144.7,35.0,41.5,1.33,Low
4.06,85.2,24.6,39.5,93.0,3.95,Medium
8.78,44.5,44.9,5.7,78.5,1.77,Low
7.69,140.7,15.0,18.5,20.0,3.64,Low
5.77,122.8,40.8,148.0,13.1,3.73,High
5.48,147.5,122.4,47.3,67.6,9.93,High
5.75,39.0,56.7,17.3,56.0,9.95,Medium
7.87,145.5,13.3,16.0,79.0,1.15,Low
7.31,64.7,51.3,107.9,73.9,7.26,High
4.93,52.1,147.2,128.2,62.5,0.52,Medium
4.87,7.6,94.5,38.5,98.6,0.3,Low
4.49,7.9,62.4,3.1,53.4,1.05,Low
7.3,103.8,25.0,33.5,11.3,9.65,Medium
7.82,68.7,147.9,8.5,82.8,9.41,Medium
5.33,34.0,123.1,15.5,25.2,1.94,Low
4.1,92.1,42.2,64.7,77.7,1.62,Medium
4.41,37.9,10.5,34.5,95.7,2.41,Low
8.84,86.6,8.5,77.4,69.7,5.16,Medium
5.48,53.9,18.1,38.0,59.6,5.7,Low
7.85,123.5,87.1,141.1,46.0,2.22,High
7.12,123.1,139.3,135.9,36.4,7.57,High
5.91,71.6,74.5,85.0,35.3,3.1,High
5.03,52.6,126.4,53.2,63.6,9.22,Medium
4.61,54.4,66.9,57.2,75.1,6.57,Medium
7.08,120.9,106.3,61.8,67.9,4.36,High
7.87,49.2,109.8,109.1,19.8,7.9,Medium
7.22,31.4,26.1,67.7,49.4,8.18,Medium
6.65,12.7,54.2,128.5,79.2,2.9,High
4.21,70.0,95.6,141.6,47.6,3.4,High
8.84,72.3,10.6,50.4,53.7,9.36,Medium
7.99,126.1,54.2,84.1,77.1,1.65,Medium
5.46,33.2,80.2,14.3,66.1,0.42,Low
8.9,57.1,149.4,30.1,40.9,4.54,Medium
7.01,121.3,71.2,62.0,89.5,8.01,High
6.91,123.5,122.4,30.9,16.3,7.72,High
7.74,57.7,64.8,131.5,99.6,9.2,High
8.06,68.9,119.5,23.7,11.9,5.33,Medium
7.28,45.5,89.3,68.3,1.5,1.0,Medium
4.64,139.9,133.0,90.9,89.0,5.89,High
5.69,17.8,61.6,103.8,24.5,7.78,Medium
8.64,140.1,90.6,57.5,73.0,0.93,Medium
5.12,102.6,94.5,130.4,81.1,1.73,High
5.86,79.7,62.6,85.2,85.9,0.12,High
6.16,4.9,21.6,65.9,99.2,5.94,Medium
6.2,71.3,14.0,10.1,29.4,8.87,Medium
7.06,61.2,2.5,69.7,71.0,6.71,Medium
8.72,24.2,131.0,123.1,11.5,9.82,Medium
5.2,98.5,35.5,92.2,40.7,0.63,Medium
4.61,145.7,31.7,124.8,84.8,9.03,High
4.99,84.3,110.4,74.1,36.8,8.14,High
8.43,107.2,48.0,17.8,59.1,3.14,Medium
7.23,10.3,75.9,2.0,50.4,9.74,Medium
5.43,62.7,24.4,45.5,64.6,2.88,Medium
8.08,17.5,144.0,104.7,97.3,8.89,Medium
8.31,91.9,127.7,118.5,5.6,8.81,High
8.23,140.8,129.6,44.4,57.4,7.58,High
8.59,99.3,61.0,74.3,86.3,5.63,High
5.26,11.5,114.4,63.2,48.1,1.2,Medium
7.78,53.2,21.6,61.6,7.9,5.32,Low
6.3,82.6,1.3,34.7,56.1,3.57,Medium
8.21,60.5,3.0,20.5,33.2,7.92,Low
7.64,125.0,88.0,29.5,15.5,7.58,Medium
7.88,122.2,68.3,8.3,84.9,9.11,Medium
7.28,91.8,77.7,29.7,52.2,0.15,Medium
4.89,56.0,1.1,1.4,93.3,8.09,Low
6.73,38.3,63.4,94.1,80.6,9.38,High
8.92,15.9,107.7,47.5,69.3,7.89,Medium
8.69,53.2,66.4,146.0,0.5,1.3,Medium
4.22,62.0,109.8,29.1,42.8,0.81,Medium
4.82,101.4,35.0,51.9,19.7,0.21,Medium
4.66,98.7,122.0,53.7,91.1,6.29,High
7.63,10.5,88.3,1.3,17.5,6.3,Low
8.09,59.3,31.6,125.9,28.6,9.87,Medium
5.07,27.3,35.5,4.8,51.7,3.98,Low
6.53,23.5,94.2,141.0,26.3,3.32,High
8.2,124.1,124.5,133.8,21.0,6.24,High
7.66,6.3,62.3,80.3,59.9,8.26,Medium
6.71,62.9,38.7,81.5,8.9,9.37,High
6.95,25.2,130.1,98.1,5.8,8.03,High
6.54,131.9,100.4,58.1,37.2,4.27,High
5.49,83.6,67.2,97.1,72.1,6.35,High
6.83,34.7,73.2,6.7,55.5,8.56,Medium
7.44,75.4,30.6,8.1,42.3,4.91,Medium
8.37,109.7,94.0,68.6,56.6,2.17,High
7.18,143.7,53.8,82.4,36.5,1.7,High
7.81,33.1,149.3,133.2,93.6,0.0,Medium
4.8,132.9,72.0,15.7,5.5,7.18,Medium
6.31,140.1,72.9,123.4,67.3,1.11,High
4.05,137.5,84.9,31.5,89.1,2.44,Medium
5.23,95.3,137.5,59.1,80.4,2.98,High
7.63,94.5,120.1,47.5,18.4,5.6,Medium
8.96,60.5,67.7,60.0,29.6,3.98,Medium
4.5,112.9,107.8,22.6,71.7,6.75,Medium
6.01,79.7,87.9,75.5,8.4,0.56,Medium
8.0,101.6,73.9,120.2,81.2,1.24,High
5.02,64.3,28.8,66.2,71.9,4.99,Medium
6.78,109.7,69.6,73.6,73.0,3.37,High
7.67,123.7,36.9,127.3,10.0,2.96,Medium
7.08,22.0,137.2,105.9,71.8,0.67,Medium
4.94,124.9,50.3,73.6,68.0,8.96,Medium
5.78,81.0,142.8,38.7,83.1,6.92,High
7.92,126.7,80.0,132.7,4.2,1.22,Medium
6.77,64.7,94.7,86.6,2.3,0.65,High
4.03,56.9,81.4,33.2,37.3,9.75,Medium
7.8,137.3,19.4,40.4,14.9,6.81,Medium
4.18,37.7,56.4,120.5,55.8,4.17,Medium
7.73,126.6,14.9,6.6,91.7,7.02,Medium
5.01,72.6,93.4,148.8,39.1,7.56,High
8.79,77.1,67.0,19.6,84.5,7.8,Medium
5.84,46.3,116.7,119.4,0.0,4.78,High
5.63,86.0,33.1,59.2,16.9,4.3,Medium
4.74,48.8,24.7,73.8,3.0,0.11,Low
5.53,5.9,60.9,132.1,32.8,9.27,High
8.38,40.8,139.0,61.9,90.8,6.03,Medium
8.98,1.0,106.6,80.6,9.7,2.03,Medium
5.84,146.8,62.8,7.4,60.6,9.2,High
6.24,144.9,77.6,0.4,45.1,9.15,High
7.61,59.3,12.6,36.7,93.8,9.89,Low
8.43,109.3,147.7,102.1,12.3,8.74,High
6.97,51.9,100.0,18.2,21.2,9.98,Medium
5.96,100.7,42.8,17.1,3.0,2.45,Medium
6.06,120.8,87.9,61.6,43.4,8.42,High
7.48,142.0,16.4,97.2,27.8,8.23,Medium
4.02,60.0,144.9,106.8,87.0,2.31,High
7.1,117.5,26.2,26.8,60.5,0.98,Medium
5.78,39.9,97.2,11.9,61.4,9.79,Medium
7.97,148.5,36.8,141.1,53.2,2.96,High
4.46,3.9,107.6,39.1,9.2,8.71,Low
6.94,90.5,116.5,128.0,44.5,0.04,High
6.4,98.9,101.0,129.5,100.0,0.21,High
7.21,103.2,92.2,115.9,83.5,4.66,High
4.32,18.1,133.9,25.3,89.3,2.39,Medium
6.9,140.8,11.8,123.3,82.3,6.9,High
6.81,27.2,49.6,115.4,10.3,5.66,Medium
6.8,93.4,37.2,89.5,22.7,0.77,High
7.02,33.4,148.2,50.6,0.3,1.63,Medium
7.38,46.1,58.4,39.4,30.4,3.88,Medium
8.02,82.0,109.9,18.3,10.9,1.86,Medium
5.35,62.6,102.7,76.5,47.3,7.92,Medium
8.13,24.0,31.8,87.8,67.7,4.16,Medium
6.49,25.6,35.8,53.9,87.5,0.93,Medium
4.39,62.7,42.2,71.3,74.9,4.84,Medium
4.29,113.6,61.7,54.5,93.9,0.91,Medium
5.67,134.7,35.1,96.2,5.4,1.29,Medium
7.92,12.6,2.9,135.2,1.2,2.4,Low
7.54,59.0,131.9,24.6,66.1,8.6,Medium
7.94,15.0,144.8,57.2,28.9,9.25,Medium
6.59,2.5,51.2,21.1,25.4,8.26,Medium
6.2,99.3,50.8,93.7,33.1,3.34,High
4.74,90.4,1.1,109.3,27.0,2.72,Medium
5.64,24.5,102.0,139.8,51.1,5.49,High
6.17,35.1,123.8,41.8,44.0,7.22,High
4.44,3.6,22.0,142.5,51.2,9.93,Medium
5.1,125.2,23.9,9.5,67.3,1.32,Low
6.99,146.2,118.5,90.5,38.7,0.49,High
7.68,20.3,92.4,8.6,25.1,6.94,Low
8.99,34.7,6.7,134.1,16.6,8.32,Low
8.67,130.3,93.4,79.5,34.9,8.46,High
7.21,139.0,46.3,100.4,74.2,6.78,High
6.11,62.9,55.3,124.7,75.7,9.54,High
7.18,7.6,115.5,22.5,66.7,5.11,Medium
7.93,5.9,121.6,5.8,23.4,9.14,Low
4.59,86.1,60.1,131.8,58.8,9.68,High
6.05,58.9,142.1,47.2,57.1,8.47,High
8.2,4.3,61.0,19.3,48.4,3.1,Medium
5.92,87.5,115.8,70.3,55.0,1.96,High
6.86,1.7,72.6,89.7,49.2,5.48,High
6.94,118.1,134.6,4.6,56.5,4.53,High
4.92,46.0,136.2,41.2,71.6,8.78,Medium
5.81,6.0,13.1,4.9,11.0,1.0,Low
5.67,88.3,140.5,63.1,75.0,2.58,High
4.13,59.7,123.8,134.3,13.6,7.52,Medium
4.12,146.1,118.7,147.4,6.7,0.95,Medium
8.16,81.6,30.1,95.6,97.6,3.21,High
5.37,41.3,120.8,24.2,95.7,3.87,Medium
6.59,106.4,127.5,135.9,6.0,6.23,High
5.49,40.7,43.4,77.4,44.3,1.58,Medium
8.7,135.6,142.8,23.1,18.6,8.61,Medium
5.3,56.2,7.5,138.3,48.5,4.48,Medium
6.15,82.5,22.5,113.6,83.0,9.17,High
8.36,7.6,80.6,109.8,95.1,4.68,Medium
8.21,63.9,86.4,106.4,63.4,2.75,High
4.93,124.9,96.8,30.1,35.4,1.42,Medium
8.01,120.8,2.5,31.7,60.3,0.04,Low
6.29,33.6,144.1,103.2,31.2,5.32,High
6.41,33.9,6.7,33.0,91.0,1.07,Low
4.67,122.6,21.5,65.8,87.0,3.92,Medium
4.4,139.6,2.1,117.3,55.8,5.89,Medium
7.64,14.3,85.0,117.6,32.5,2.76,Medium
6.48,67.5,139.8,68.0,29.3,1.75,Medium
6.18,50.6,99.9,118.8,3.3,7.75,High
7.65,130.6,123.4,125.8,81.6,9.47,High
7.83,12.5,2.0,98.2,45.0,1.0,Low
4.79,31.7,81.3,34.3,32.5,1.56,Low
7.05,112.9,68.9,41.1,47.1,9.6,High
4.68,7.7,74.8,47.2,81.9,0.38,Medium
7.76,73.9,10.8,17.5,12.5,9.78,Low
7.28,66.3,102.7,41.0,85.8,0.05,Medium
8.78,50.2,75.5,31.4,89.8,8.74,Medium
4.34,59.2,114.8,68.3,94.7,3.07,Medium
4.29,79.5,72.8,136.3,39.7,9.39,High
5.41,24.2,22.4,15.7,21.7,3.17,Low
